region_id	sample_id	chrom	start	end	label	source	source_call_id	source_region	confidence
P24R000043	CERV196	chr6	62712967	64457862	ecDNA	CORAL	CERV196_coral_amplicon1_cycle4:interval1	chr6:62712967-64457862	existing
P24R000044	CERV196	chr13	33978076	34838074	ecDNA	CORAL	CERV196_coral_amplicon1_cycle4:interval2	chr13:33978076-34838074	existing
P24R000045	CERV215	chr11	101195180	103072489	ecDNA	CORAL	CERV215_coral_amplicon2_cycle1:interval1	chr11:101195180-103072489	existing
P24R000046	QGU	chr11	100242562	102702499	ecDNA	CORAL	QGU_coral_amplicon3_cycle1:interval1	chr11:100242562-102702499	existing
P24R000047	QGU	chr18	2675117	5185295	ecDNA	CORAL	QGU_coral_amplicon4_cycle1:interval1	chr18:2675117-5185295	existing
P24R000048	SCC090	chr9	97710199	98055196	ecDNA	CORAL	SCC090_coral_amplicon2_cycle1:interval1	chr9:97710199-98055196	existing
P24R000049	SCC152	chr9	97710199	98055196	ecDNA	CORAL	SCC152_coral_amplicon4_cycle1:interval1	chr9:97710199-98055196	existing
P24R000050	SNU1005	chr5	54309756	56019737	ecDNA	CORAL	SNU1005_coral_amplicon8_cycle2:interval1	chr5:54309756-56019737	existing
P24R000051	SNU703	chr11	69730653	70565676	ecDNA	CORAL	SNU703_coral_amplicon1_cycle1:interval1	chr11:69730653-70565676	existing
P24R000052	SNU703	chr18	1820111	4305243	ecDNA	CORAL	SNU703_coral_amplicon4_cycle1:interval1	chr18:1820111-4305243	existing
P24R000053	SNU703	chrX	24028691	24328794	ecDNA	CORAL	SNU703_coral_amplicon5_cycle1:interval1	chrX:24028691-24328794	existing
P24R000054	SNU902	chr19	10519558	11584521	ecDNA	CORAL	SNU902_coral_amplicon1_cycle1:interval1	chr19:10519558-11584521	existing
P24R000055	ScaBER	chr1	92405815	94470855	ecDNA	CORAL	ScaBER_coral_amplicon1_cycle1:interval1	chr1:92405815-94470855	existing
