epoch	loss	objectness_loss	type_loss	objectness_acc_at_0_5	type_subset_acc_labeled_at_0_5	n_train	n_labeled	n_background	is_best	split
1	1.5207428932189941	0.7356318235397339	0.7851110696792603	0.4642857015132904	0.025316456332802773	336	237	99	True	final
2	1.4521420001983643	0.6953692436218262	0.7567727565765381	0.488095223903656	0.03375527262687683	336	237	99	True	final
3	1.386066198348999	0.6464802026748657	0.7395859360694885	0.5654761791229248	0.050632912665605545	336	237	99	True	final
4	1.3170011043548584	0.5968403220176697	0.7201607823371887	0.6428571343421936	0.06329113990068436	336	237	99	True	final
5	1.261930227279663	0.5631731152534485	0.6987571120262146	0.6726190447807312	0.09282700717449188	336	237	99	True	final
6	1.2165400981903076	0.5348222851753235	0.6817178726196289	0.699404776096344	0.08438818901777267	336	237	99	True	final
7	1.1661568880081177	0.49826619029045105	0.6678906679153442	0.7083333134651184	0.08438818901777267	336	237	99	True	final
8	1.1296178102493286	0.47557762265205383	0.6540402173995972	0.699404776096344	0.08438818901777267	336	237	99	True	final
9	1.0903987884521484	0.44988399744033813	0.6405147314071655	0.7053571343421936	0.06329113990068436	336	237	99	True	final
10	1.0599719285964966	0.4287025034427643	0.6312693953514099	0.7053571343421936	0.05907173082232475	336	237	99	True	final
11	1.0364564657211304	0.41737863421440125	0.6190778017044067	0.7053571343421936	0.037974681705236435	336	237	99	True	final
12	1.0127534866333008	0.3999266028404236	0.612826943397522	0.7053571343421936	0.016877636313438416	336	237	99	True	final
13	0.9982413053512573	0.38807281851768494	0.61016845703125	0.7053571343421936	0.012658228166401386	336	237	99	True	final
14	0.9738001227378845	0.3782375454902649	0.5955625772476196	0.7053571343421936	0.016877636313438416	336	237	99	True	final
15	0.9608838558197021	0.3707188665866852	0.5901650190353394	0.7053571343421936	0.004219409078359604	336	237	99	True	final
16	0.953052818775177	0.3687194585800171	0.5843333601951599	0.7053571343421936	0.0	336	237	99	True	final
17	0.9444276690483093	0.35885024070739746	0.5855774283409119	0.7053571343421936	0.004219409078359604	336	237	99	True	final
18	0.9316900968551636	0.35163602232933044	0.5800541043281555	0.7053571343421936	0.0	336	237	99	True	final
19	0.9151507019996643	0.3426939845085144	0.5724567174911499	0.7053571343421936	0.0	336	237	99	True	final
20	0.9179092645645142	0.339060515165329	0.5788487792015076	0.7053571343421936	0.0	336	237	99	False	final
21	0.9188582897186279	0.34516146779060364	0.5736967921257019	0.7053571343421936	0.0	336	237	99	False	final
22	0.9211909770965576	0.3433155119419098	0.5778754949569702	0.7053571343421936	0.0	336	237	99	False	final
23	0.9130023717880249	0.34078171849250793	0.5722206234931946	0.7053571343421936	0.0	336	237	99	True	final
24	0.9099535942077637	0.3436218202114105	0.5663318037986755	0.7053571343421936	0.0	336	237	99	True	final
25	0.9123783707618713	0.33781737089157104	0.5745609998703003	0.7053571343421936	0.0	336	237	99	False	final
26	0.9099164605140686	0.33833175897598267	0.5715847015380859	0.7053571343421936	0.0	336	237	99	True	final
27	0.9060083031654358	0.3317498564720154	0.5742584466934204	0.7053571343421936	0.0	336	237	99	True	final
28	0.9044381976127625	0.3383159637451172	0.5661222338676453	0.7053571343421936	0.0	336	237	99	True	final
29	0.9090915322303772	0.33883196115493774	0.5702595710754395	0.7053571343421936	0.0	336	237	99	False	final
30	0.897872269153595	0.3299033045768738	0.5679689645767212	0.7053571343421936	0.0	336	237	99	True	final
31	0.8975018262863159	0.33493536710739136	0.5625664591789246	0.7053571343421936	0.0	336	237	99	True	final
32	0.895536482334137	0.3334026336669922	0.5621338486671448	0.7053571343421936	0.0	336	237	99	True	final
33	0.9052829146385193	0.3421534299850464	0.5631294846534729	0.7053571343421936	0.0	336	237	99	False	final
34	0.9058158993721008	0.34050214290618896	0.5653137564659119	0.7053571343421936	0.0	336	237	99	False	final
35	0.8997146487236023	0.34149467945098877	0.5582199692726135	0.7053571343421936	0.0	336	237	99	False	final
36	0.8913743495941162	0.3303211033344269	0.5610532760620117	0.7053571343421936	0.0	336	237	99	True	final
37	0.9018823504447937	0.3369891047477722	0.5648932456970215	0.7053571343421936	0.0	336	237	99	False	final
38	0.8961220979690552	0.33513426780700684	0.5609878301620483	0.7053571343421936	0.0	336	237	99	False	final
39	0.8904017210006714	0.33846381306648254	0.5519378781318665	0.7053571343421936	0.0	336	237	99	True	final
40	0.8891774415969849	0.3329416513442993	0.5562357902526855	0.7053571343421936	0.0	336	237	99	True	final
41	0.885120153427124	0.33240607380867004	0.5527141094207764	0.7053571343421936	0.0	336	237	99	True	final
42	0.8958767056465149	0.33970946073532104	0.5561672449111938	0.7053571343421936	0.0	336	237	99	False	final
43	0.8932017087936401	0.3395923674106598	0.553609311580658	0.7053571343421936	0.0	336	237	99	False	final
44	0.8746964931488037	0.3278285264968872	0.5468679666519165	0.7053571343421936	0.0	336	237	99	True	final
45	0.8781073093414307	0.3263073265552521	0.551800012588501	0.7053571343421936	0.0	336	237	99	False	final
46	0.8770792484283447	0.33226606249809265	0.5448131561279297	0.7053571343421936	0.0	336	237	99	False	final
47	0.8811966180801392	0.3336096704006195	0.547586977481842	0.7053571343421936	0.0	336	237	99	False	final
48	0.8755279779434204	0.33109337091445923	0.5444346070289612	0.7053571343421936	0.0	336	237	99	False	final
49	0.8632896542549133	0.3214000463485718	0.5418896079063416	0.7053571343421936	0.0	336	237	99	True	final
50	0.8653970956802368	0.323285311460495	0.5421117544174194	0.7053571343421936	0.0	336	237	99	False	final
51	0.8674691915512085	0.32536035776138306	0.5421088337898254	0.7053571343421936	0.0	336	237	99	False	final
52	0.8554835319519043	0.3149508833885193	0.540532648563385	0.7053571343421936	0.0	336	237	99	True	final
53	0.8554973602294922	0.3139594793319702	0.541537880897522	0.7053571343421936	0.0	336	237	99	False	final
54	0.8620407581329346	0.31412237882614136	0.5479183793067932	0.7053571343421936	0.0	336	237	99	False	final
55	0.8623706698417664	0.32704073190689087	0.5353299379348755	0.7053571343421936	0.0	336	237	99	False	final
56	0.8545756936073303	0.3180343508720398	0.5365413427352905	0.7053571343421936	0.0	336	237	99	True	final
57	0.8672345876693726	0.3274761140346527	0.5397584438323975	0.7053571343421936	0.0	336	237	99	False	final
58	0.8470906019210815	0.3181632161140442	0.5289273858070374	0.7053571343421936	0.0	336	237	99	True	final
59	0.8552281856536865	0.3223373591899872	0.532890796661377	0.7053571343421936	0.0	336	237	99	False	final
60	0.8425158858299255	0.3133684992790222	0.5291473865509033	0.7053571343421936	0.008438818156719208	336	237	99	True	final
61	0.8415716886520386	0.31834670901298523	0.523224949836731	0.7053571343421936	0.008438818156719208	336	237	99	True	final
62	0.836540937423706	0.30795928835868835	0.5285816788673401	0.7053571343421936	0.0	336	237	99	True	final
63	0.8391692042350769	0.31391870975494385	0.5252504944801331	0.7053571343421936	0.012658228166401386	336	237	99	False	final
64	0.837289571762085	0.31256160140037537	0.5247279405593872	0.7053571343421936	0.004219409078359604	336	237	99	False	final
65	0.8314440250396729	0.3120545744895935	0.5193894505500793	0.7053571343421936	0.004219409078359604	336	237	99	True	final
66	0.8343163132667542	0.3105968236923218	0.5237194895744324	0.7053571343421936	0.0	336	237	99	False	final
67	0.8284003734588623	0.31162694096565247	0.5167734622955322	0.7053571343421936	0.004219409078359604	336	237	99	True	final
68	0.8230475187301636	0.3029652535915375	0.5200822353363037	0.7053571343421936	0.008438818156719208	336	237	99	True	final
69	0.8206040859222412	0.30459046363830566	0.5160136222839355	0.7053571343421936	0.008438818156719208	336	237	99	True	final
70	0.8301953673362732	0.3119692802429199	0.5182260870933533	0.7053571343421936	0.004219409078359604	336	237	99	False	final
71	0.8238189220428467	0.3074861168861389	0.5163328051567078	0.7053571343421936	0.004219409078359604	336	237	99	False	final
72	0.820243775844574	0.3125162124633789	0.5077275633811951	0.7053571343421936	0.004219409078359604	336	237	99	True	final
73	0.8078607320785522	0.2996777296066284	0.5081830024719238	0.7053571343421936	0.004219409078359604	336	237	99	True	final
74	0.8047339916229248	0.2972552478313446	0.5074787139892578	0.7053571343421936	0.008438818156719208	336	237	99	True	final
75	0.8051265478134155	0.30382052063941956	0.5013059973716736	0.7053571343421936	0.012658228166401386	336	237	99	False	final
76	0.8092988729476929	0.3021634519100189	0.5071354508399963	0.7053571343421936	0.0	336	237	99	False	final
77	0.8067470788955688	0.3018203377723694	0.5049267411231995	0.7053571343421936	0.004219409078359604	336	237	99	False	final
78	0.788648784160614	0.2891068458557129	0.4995419383049011	0.7053571343421936	0.008438818156719208	336	237	99	True	final
79	0.7870861291885376	0.29330745339393616	0.49377867579460144	0.7053571343421936	0.004219409078359604	336	237	99	True	final
80	0.7817465662956238	0.2932620048522949	0.48848456144332886	0.7053571343421936	0.012658228166401386	336	237	99	True	final
81	0.784305214881897	0.29280081391334534	0.49150440096855164	0.7053571343421936	0.004219409078359604	336	237	99	False	final
82	0.7876373529434204	0.29557928442955017	0.4920580983161926	0.7053571343421936	0.0	336	237	99	False	final
83	0.782181978225708	0.2960145175457001	0.48616746068000793	0.7053571343421936	0.004219409078359604	336	237	99	False	final
84	0.7692371606826782	0.28320446610450745	0.4860326647758484	0.7053571343421936	0.004219409078359604	336	237	99	True	final
85	0.7757886052131653	0.2911764085292816	0.48461219668388367	0.7053571343421936	0.004219409078359604	336	237	99	False	final
86	0.7743082642555237	0.2873117923736572	0.48699647188186646	0.7053571343421936	0.008438818156719208	336	237	99	False	final
87	0.7637122869491577	0.28247085213661194	0.48124146461486816	0.7053571343421936	0.008438818156719208	336	237	99	True	final
88	0.7620881795883179	0.27918216586112976	0.4829059839248657	0.7053571343421936	0.02109704725444317	336	237	99	True	final
89	0.7537062168121338	0.2741451561450958	0.4795610308647156	0.7053571343421936	0.02109704725444317	336	237	99	True	final
90	0.7630151510238647	0.2830909192562103	0.47992420196533203	0.7053571343421936	0.016877636313438416	336	237	99	False	final
91	0.7492218017578125	0.2740774154663086	0.4751443862915039	0.7053571343421936	0.004219409078359604	336	237	99	True	final
92	0.751072883605957	0.2774706780910492	0.47360220551490784	0.7053571343421936	0.012658228166401386	336	237	99	False	final
93	0.7478723526000977	0.2736723721027374	0.47419995069503784	0.7053571343421936	0.016877636313438416	336	237	99	True	final
94	0.7299549579620361	0.2642049789428711	0.46574994921684265	0.7053571343421936	0.012658228166401386	336	237	99	True	final
95	0.7469848394393921	0.27755245566368103	0.46943238377571106	0.7053571343421936	0.02109704725444317	336	237	99	False	final
96	0.7373926043510437	0.2743081748485565	0.4630844295024872	0.7053571343421936	0.016877636313438416	336	237	99	False	final
97	0.7351471185684204	0.26858609914779663	0.4665610194206238	0.7053571343421936	0.02109704725444317	336	237	99	False	final
98	0.7266210317611694	0.266154408454895	0.4604666531085968	0.7053571343421936	0.008438818156719208	336	237	99	True	final
99	0.732707142829895	0.2724563181400299	0.4602508544921875	0.7053571343421936	0.025316456332802773	336	237	99	False	final
100	0.7231015563011169	0.25961825251579285	0.4634833037853241	0.7053571343421936	0.04641350358724594	336	237	99	True	final
101	0.717451274394989	0.26256439089775085	0.45488688349723816	0.7053571343421936	0.008438818156719208	336	237	99	True	final
102	0.7253557443618774	0.26106971502304077	0.46428605914115906	0.7053571343421936	0.029535865411162376	336	237	99	False	final
103	0.7286738157272339	0.26533541083335876	0.46333837509155273	0.7083333134651184	0.025316456332802773	336	237	99	False	final
104	0.7092424631118774	0.2542457580566406	0.45499667525291443	0.7053571343421936	0.012658228166401386	336	237	99	True	final
105	0.7200545072555542	0.2564425766468048	0.4636119604110718	0.7053571343421936	0.012658228166401386	336	237	99	False	final
106	0.7084106206893921	0.245305135846138	0.4631054699420929	0.7053571343421936	0.037974681705236435	336	237	99	True	final
107	0.692899763584137	0.24147537350654602	0.45142439007759094	0.7172619104385376	0.029535865411162376	336	237	99	True	final
108	0.7001145482063293	0.24806705117225647	0.4520474970340729	0.7053571343421936	0.025316456332802773	336	237	99	False	final
109	0.7080978155136108	0.2540072500705719	0.45409056544303894	0.7053571343421936	0.029535865411162376	336	237	99	False	final
110	0.7082747220993042	0.2538816034793854	0.45439308881759644	0.7053571343421936	0.03375527262687683	336	237	99	False	final
111	0.6903714537620544	0.23964162170886993	0.4507298171520233	0.7053571343421936	0.037974681705236435	336	237	99	True	final
112	0.689846932888031	0.24016524851322174	0.44968169927597046	0.7083333134651184	0.03375527262687683	336	237	99	True	final
113	0.6849902868270874	0.23718740046024323	0.447802871465683	0.7083333134651184	0.04219409450888634	336	237	99	True	final
114	0.6850683689117432	0.23702719807624817	0.4480411410331726	0.711309552192688	0.029535865411162376	336	237	99	False	final
115	0.6689611077308655	0.22842855751514435	0.4405325651168823	0.711309552192688	0.04641350358724594	336	237	99	True	final
116	0.6721627116203308	0.23234619200229645	0.43981650471687317	0.7172619104385376	0.05907173082232475	336	237	99	False	final
117	0.6784502267837524	0.23784604668617249	0.44060418009757996	0.7083333134651184	0.05907173082232475	336	237	99	False	final
118	0.6620782613754272	0.22551384568214417	0.43656444549560547	0.7142857313156128	0.04641350358724594	336	237	99	True	final
119	0.6639324426651001	0.22149407863616943	0.44243836402893066	0.7142857313156128	0.05485232174396515	336	237	99	False	final
120	0.6767520308494568	0.23509740829467773	0.44165462255477905	0.7053571343421936	0.04641350358724594	336	237	99	False	final
121	0.6601184606552124	0.22558574378490448	0.4345327317714691	0.711309552192688	0.050632912665605545	336	237	99	True	final
122	0.6498693227767944	0.21288451552391052	0.4369848072528839	0.7172619104385376	0.05485232174396515	336	237	99	True	final
123	0.6542397737503052	0.21587011218070984	0.4383696913719177	0.7142857313156128	0.06329113990068436	336	237	99	False	final
124	0.6540229916572571	0.22050470113754272	0.43351829051971436	0.7172619104385376	0.05907173082232475	336	237	99	False	final
125	0.6538006663322449	0.21730399131774902	0.43649667501449585	0.7053571343421936	0.07172995805740356	336	237	99	False	final
126	0.650614857673645	0.2169409841299057	0.4336738884449005	0.7232142686843872	0.05907173082232475	336	237	99	False	final
127	0.647838294506073	0.21501879394054413	0.4328194856643677	0.7232142686843872	0.08438818901777267	336	237	99	True	final
128	0.6483104228973389	0.21953578293323517	0.4287746250629425	0.7202380895614624	0.05485232174396515	336	237	99	False	final
129	0.6429564356803894	0.20730845630168915	0.43564799427986145	0.7291666865348816	0.05485232174396515	336	237	99	True	final
130	0.6416127681732178	0.2181038111448288	0.4235089421272278	0.7202380895614624	0.08860759437084198	336	237	99	True	final
131	0.624821662902832	0.20009399950504303	0.4247276782989502	0.738095223903656	0.05907173082232475	336	237	99	True	final
132	0.6209471821784973	0.1990906298160553	0.421856552362442	0.726190447807312	0.06329113990068436	336	237	99	True	final
133	0.6250379085540771	0.20258814096450806	0.4224497377872467	0.726190447807312	0.050632912665605545	336	237	99	False	final
134	0.6226834058761597	0.20171809196472168	0.420965313911438	0.738095223903656	0.06751054525375366	336	237	99	False	final
135	0.6284840106964111	0.2054630070924759	0.42302098870277405	0.726190447807312	0.08860759437084198	336	237	99	False	final
136	0.615412712097168	0.18722379207611084	0.42818892002105713	0.7351190447807312	0.07172995805740356	336	237	99	True	final
137	0.6142416000366211	0.19267095625400543	0.42157065868377686	0.738095223903656	0.06329113990068436	336	237	99	True	final
138	0.6169062256813049	0.19537372887134552	0.4215324819087982	0.7232142686843872	0.08016877621412277	336	237	99	False	final
139	0.6253780722618103	0.20017115771770477	0.42520689964294434	0.7321428656578064	0.07594936341047287	336	237	99	False	final
140	0.6076768040657043	0.19030718505382538	0.41736963391304016	0.7351190447807312	0.07594936341047287	336	237	99	True	final
141	0.6109071969985962	0.1961340755224228	0.4147731065750122	0.726190447807312	0.08438818901777267	336	237	99	False	final
142	0.6080158352851868	0.18705694377422333	0.42095890641212463	0.75	0.06751054525375366	336	237	99	False	final
143	0.6102968454360962	0.19383634626865387	0.41646048426628113	0.7440476417541504	0.09282700717449188	336	237	99	False	final
144	0.6132302284240723	0.19198346138000488	0.421246737241745	0.7470238208770752	0.08860759437084198	336	237	99	False	final
145	0.5935486555099487	0.18137428164482117	0.4121743440628052	0.7470238208770752	0.09704641252756119	336	237	99	True	final
146	0.6106279492378235	0.1977013647556305	0.412926584482193	0.7410714030265808	0.12236286699771881	336	237	99	False	final
147	0.5974671244621277	0.17783834040164948	0.4196287989616394	0.7678571343421936	0.09704641252756119	336	237	99	False	final
148	0.5949069261550903	0.1864636242389679	0.40844330191612244	0.7410714030265808	0.1139240488409996	336	237	99	False	final
149	0.6053248643875122	0.18914581835269928	0.4161790609359741	0.7440476417541504	0.09704641252756119	336	237	99	False	final
150	0.5975162982940674	0.18414779007434845	0.41336849331855774	0.75	0.08860759437084198	336	237	99	False	final
151	0.5928964614868164	0.1803785264492035	0.4125179052352905	0.7440476417541504	0.09704641252756119	336	237	99	True	final
152	0.6002672910690308	0.18136414885520935	0.4189031422138214	0.7559523582458496	0.08860759437084198	336	237	99	False	final
153	0.5838404893875122	0.1775093823671341	0.4063311219215393	0.7589285969734192	0.09282700717449188	336	237	99	True	final
154	0.5800800323486328	0.1677895188331604	0.4122905433177948	0.7529761791229248	0.10126582533121109	336	237	99	True	final
155	0.5847944021224976	0.18074625730514526	0.4040481746196747	0.7351190447807312	0.09704641252756119	336	237	99	False	final
156	0.5904683470726013	0.1793978065252304	0.4110705256462097	0.7559523582458496	0.1097046434879303	336	237	99	False	final
157	0.5851650238037109	0.1814199686050415	0.40374502539634705	0.761904776096344	0.10126582533121109	336	237	99	False	final
158	0.5695995092391968	0.16678865253925323	0.40281087160110474	0.75	0.09282700717449188	336	237	99	True	final
159	0.576119601726532	0.17065340280532837	0.4054661989212036	0.7529761791229248	0.08860759437084198	336	237	99	False	final
160	0.5752564072608948	0.17127199470996857	0.403984397649765	0.761904776096344	0.08016877621412277	336	237	99	False	final
161	0.5839714407920837	0.17485426366329193	0.409117192029953	0.7440476417541504	0.09704641252756119	336	237	99	False	final
162	0.5779628753662109	0.1755487024784088	0.40241414308547974	0.7529761791229248	0.09282700717449188	336	237	99	False	final
163	0.5644844174385071	0.16436085104942322	0.40012356638908386	0.7708333134651184	0.12236286699771881	336	237	99	True	final
164	0.5698555707931519	0.16482125222682953	0.4050343334674835	0.7678571343421936	0.1054852306842804	336	237	99	False	final
165	0.5758017301559448	0.1721201092004776	0.4036816358566284	0.75	0.1054852306842804	336	237	99	False	final
166	0.5563910603523254	0.16608352959156036	0.3903075158596039	0.7589285969734192	0.1265822798013687	336	237	99	True	final
167	0.5556199550628662	0.15960510075092316	0.39601483941078186	0.7767857313156128	0.13080169260501862	336	237	99	True	final
168	0.5689107775688171	0.1668616086244583	0.40204918384552	0.7767857313156128	0.08016877621412277	336	237	99	False	final
169	0.5678211450576782	0.16383370757102966	0.40398740768432617	0.7678571343421936	0.13502109050750732	336	237	99	False	final
170	0.5656509399414062	0.17501488327980042	0.39063602685928345	0.7648809552192688	0.1097046434879303	336	237	99	False	final
171	0.5485793948173523	0.1547221690416336	0.3938572108745575	0.7827380895614624	0.1139240488409996	336	237	99	True	final
172	0.5570971369743347	0.16392041742801666	0.39317670464515686	0.7797619104385376	0.1265822798013687	336	237	99	False	final
173	0.5673277378082275	0.17217785120010376	0.3951498866081238	0.7470238208770752	0.12236286699771881	336	237	99	False	final
174	0.5335862040519714	0.14168114960193634	0.3919050693511963	0.8035714030265808	0.1265822798013687	336	237	99	True	final
175	0.55018150806427	0.15377876162528992	0.3964027762413025	0.7767857313156128	0.1139240488409996	336	237	99	False	final
176	0.5562828183174133	0.16099710762500763	0.3952856957912445	0.7797619104385376	0.09704641252756119	336	237	99	False	final
177	0.5437330603599548	0.1579739898443222	0.38575905561447144	0.7797619104385376	0.13080169260501862	336	237	99	False	final
178	0.5435158014297485	0.14972327649593353	0.3937925398349762	0.7827380895614624	0.10126582533121109	336	237	99	False	final
179	0.5450677275657654	0.15413229167461395	0.3909354507923126	0.7827380895614624	0.1265822798013687	336	237	99	False	final
180	0.545478343963623	0.15157949924468994	0.3938988447189331	0.7529761791229248	0.14345991611480713	336	237	99	False	final
181	0.540587306022644	0.15027613937854767	0.3903111517429352	0.773809552192688	0.15611813962459564	336	237	99	False	final
182	0.5248299837112427	0.14459511637687683	0.38023489713668823	0.7827380895614624	0.1265822798013687	336	237	99	True	final
183	0.530493438243866	0.14264218509197235	0.3878512382507324	0.7976190447807312	0.14345991611480713	336	237	99	False	final
184	0.5265622138977051	0.1421974152326584	0.3843647837638855	0.7797619104385376	0.14345991611480713	336	237	99	False	final
185	0.5387839674949646	0.15122881531715393	0.38755515217781067	0.7857142686843872	0.12236286699771881	336	237	99	False	final
186	0.5421819686889648	0.1587570160627365	0.3834249675273895	0.7767857313156128	0.13080169260501862	336	237	99	False	final
187	0.5232445597648621	0.13538169860839844	0.3878628611564636	0.7916666865348816	0.13924050331115723	336	237	99	True	final
188	0.5394865870475769	0.14788202941417694	0.39160454273223877	0.773809552192688	0.13502109050750732	336	237	99	False	final
189	0.514091968536377	0.1345025897026062	0.37958937883377075	0.7976190447807312	0.16877637803554535	336	237	99	True	final
190	0.5374581813812256	0.15420617163181305	0.38325202465057373	0.7797619104385376	0.16033755242824554	336	237	99	False	final
191	0.5196188688278198	0.13679702579975128	0.38282185792922974	0.7976190447807312	0.13502109050750732	336	237	99	False	final
192	0.5302104353904724	0.14562885463237762	0.3845815658569336	0.7857142686843872	0.15189872682094574	336	237	99	False	final
193	0.529028058052063	0.14525330066680908	0.3837747573852539	0.773809552192688	0.13080169260501862	336	237	99	False	final
194	0.5197035670280457	0.14218604564666748	0.3775175213813782	0.7946428656578064	0.1265822798013687	336	237	99	False	final
195	0.5269794464111328	0.14466352760791779	0.38231590390205383	0.7857142686843872	0.13924050331115723	336	237	99	False	final
196	0.5302560329437256	0.14828956127166748	0.3819665014743805	0.7797619104385376	0.14767932891845703	336	237	99	False	final
197	0.5270748138427734	0.1421806961297989	0.38489413261413574	0.800595223903656	0.13924050331115723	336	237	99	False	final
198	0.5253329277038574	0.1428861916065216	0.3824467360973358	0.7827380895614624	0.13080169260501862	336	237	99	False	final
199	0.5232032537460327	0.1453077644109726	0.3778955042362213	0.800595223903656	0.14345991611480713	336	237	99	False	final
200	0.5189864635467529	0.13729244470596313	0.3816940188407898	0.800595223903656	0.16455696523189545	336	237	99	False	final
201	0.517964780330658	0.1392335742712021	0.3787311911582947	0.7946428656578064	0.16033755242824554	336	237	99	False	final
202	0.5262844562530518	0.14786368608474731	0.37842079997062683	0.788690447807312	0.14345991611480713	336	237	99	False	final
203	0.5105751156806946	0.13706737756729126	0.3735077381134033	0.7946428656578064	0.16877637803554535	336	237	99	True	final
204	0.5124689340591431	0.1352514922618866	0.37721744179725647	0.7976190447807312	0.14767932891845703	336	237	99	False	final
205	0.5181698799133301	0.13913434743881226	0.37903550267219543	0.8095238208770752	0.15189872682094574	336	237	99	False	final
206	0.5007951259613037	0.12254580855369568	0.3782493472099304	0.8095238208770752	0.17299577593803406	336	237	99	True	final
207	0.5201858282089233	0.1381690949201584	0.38201671838760376	0.8035714030265808	0.16455696523189545	336	237	99	False	final
208	0.5153889060020447	0.14128758013248444	0.37410131096839905	0.7916666865348816	0.16455696523189545	336	237	99	False	final
209	0.5011552572250366	0.12167584151029587	0.37947940826416016	0.7976190447807312	0.16033755242824554	336	237	99	False	final
210	0.5179153084754944	0.14302624762058258	0.3748890459537506	0.800595223903656	0.14767932891845703	336	237	99	False	final
211	0.4923743009567261	0.12566302716732025	0.366711288690567	0.8125	0.17299577593803406	336	237	99	True	final
212	0.5151498913764954	0.14199262857437134	0.373157262802124	0.8125	0.15611813962459564	336	237	99	False	final
213	0.5060020685195923	0.12845246493816376	0.37754958868026733	0.8095238208770752	0.18143460154533386	336	237	99	False	final
214	0.5004536509513855	0.13193975389003754	0.36851391196250916	0.8065476417541504	0.16877637803554535	336	237	99	False	final
215	0.4977100193500519	0.12631800770759583	0.37139201164245605	0.824404776096344	0.15189872682094574	336	237	99	False	final
216	0.5114068388938904	0.13481415808200836	0.3765926957130432	0.8214285969734192	0.13924050331115723	336	237	99	False	final
217	0.5101649165153503	0.12798796594142914	0.3821769654750824	0.8184523582458496	0.16033755242824554	336	237	99	False	final
218	0.4979200065135956	0.12257871776819229	0.3753412961959839	0.824404776096344	0.15189872682094574	336	237	99	False	final
219	0.4982554614543915	0.12142785638570786	0.376827597618103	0.824404776096344	0.13080169260501862	336	237	99	False	final
220	0.48397132754325867	0.11703722923994064	0.3669340908527374	0.8482142686843872	0.15189872682094574	336	237	99	True	final
221	0.49387919902801514	0.12366695702075958	0.37021222710609436	0.8303571343421936	0.20253165066242218	336	237	99	False	final
222	0.49865126609802246	0.1276547610759735	0.37099650502204895	0.8273809552192688	0.15611813962459564	336	237	99	False	final
223	0.4863532781600952	0.11921266466379166	0.36714062094688416	0.8214285969734192	0.16877637803554535	336	237	99	False	final
224	0.4865502119064331	0.11584644019603729	0.370703786611557	0.8214285969734192	0.19409282505512238	336	237	99	False	final
225	0.48964938521385193	0.12460089474916458	0.36504849791526794	0.8422619104385376	0.19409282505512238	336	237	99	False	final
226	0.4848405718803406	0.1206003874540329	0.3642401695251465	0.836309552192688	0.15189872682094574	336	237	99	False	final
227	0.4965226948261261	0.12514877319335938	0.3713739216327667	0.8452380895614624	0.17721518874168396	336	237	99	False	final
228	0.4783375859260559	0.11078910529613495	0.36754849553108215	0.8422619104385376	0.17721518874168396	336	237	99	True	final
229	0.48093992471694946	0.12034838646650314	0.3605915307998657	0.836309552192688	0.13924050331115723	336	237	99	False	final
230	0.47333845496177673	0.10819029062986374	0.3651481568813324	0.8541666865348816	0.13924050331115723	336	237	99	True	final
231	0.4849975109100342	0.12069239467382431	0.3643051087856293	0.836309552192688	0.14345991611480713	336	237	99	False	final
232	0.4758378565311432	0.11370629072189331	0.3621315658092499	0.8392857313156128	0.14345991611480713	336	237	99	False	final
233	0.48450836539268494	0.11937913298606873	0.3651292324066162	0.8422619104385376	0.17299577593803406	336	237	99	False	final
234	0.4837311804294586	0.11633437126874924	0.3673968017101288	0.8660714030265808	0.15611813962459564	336	237	99	False	final
235	0.47387030720710754	0.11647722870111465	0.3573930859565735	0.8571428656578064	0.16455696523189545	336	237	99	False	final
236	0.47978222370147705	0.1193588450551033	0.36042338609695435	0.8333333134651184	0.15189872682094574	336	237	99	False	final
237	0.48705974221229553	0.12178058177232742	0.3652791678905487	0.863095223903656	0.17299577593803406	336	237	99	False	final
238	0.4706023335456848	0.11165246367454529	0.3589498698711395	0.8452380895614624	0.15189872682094574	336	237	99	True	final
239	0.4719529151916504	0.10497733950614929	0.3669755756855011	0.8720238208770752	0.16877637803554535	336	237	99	False	final
240	0.47622719407081604	0.11722862720489502	0.358998566865921	0.8571428656578064	0.16455696523189545	336	237	99	False	final
241	0.4696231782436371	0.10560088604688644	0.36402228474617004	0.8660714030265808	0.15189872682094574	336	237	99	True	final
242	0.483230859041214	0.11966852098703384	0.36356234550476074	0.851190447807312	0.16877637803554535	336	237	99	False	final
243	0.4799501299858093	0.11323320120573044	0.3667169213294983	0.8720238208770752	0.16033755242824554	336	237	99	False	final
244	0.4764050245285034	0.1131194531917572	0.3632855713367462	0.863095223903656	0.14345991611480713	336	237	99	False	final
245	0.48687469959259033	0.11973343789577484	0.3671412765979767	0.851190447807312	0.17299577593803406	336	237	99	False	final
246	0.46163785457611084	0.10103824734687805	0.3605996072292328	0.863095223903656	0.17721518874168396	336	237	99	True	final
247	0.4724314510822296	0.11017929762601852	0.3622521460056305	0.8452380895614624	0.16877637803554535	336	237	99	False	final
248	0.46387097239494324	0.10550990700721741	0.35836106538772583	0.863095223903656	0.19409282505512238	336	237	99	False	final
249	0.4673038721084595	0.11078675091266632	0.35651713609695435	0.875	0.16877637803554535	336	237	99	False	final
250	0.46986591815948486	0.10494183003902435	0.3649241030216217	0.8720238208770752	0.19409282505512238	336	237	99	False	final
251	0.4689016044139862	0.11007838696241379	0.3588232100009918	0.851190447807312	0.16877637803554535	336	237	99	False	final
252	0.4756925404071808	0.11005309969186783	0.36563944816589355	0.8779761791229248	0.14767932891845703	336	237	99	False	final
253	0.4703580141067505	0.10996301472187042	0.36039501428604126	0.8720238208770752	0.15189872682094574	336	237	99	False	final
254	0.47252047061920166	0.11338116228580475	0.3591393232345581	0.8809523582458496	0.17299577593803406	336	237	99	False	final
255	0.4636182188987732	0.10372894257307053	0.35988926887512207	0.8660714030265808	0.15611813962459564	336	237	99	False	final
256	0.46845024824142456	0.10315816849470139	0.3652920722961426	0.8660714030265808	0.16033755242824554	336	237	99	False	final
257	0.46833449602127075	0.11103571951389313	0.35729876160621643	0.863095223903656	0.16877637803554535	336	237	99	False	final
258	0.47417014837265015	0.11338535696268082	0.3607847988605499	0.8690476417541504	0.18565401434898376	336	237	99	False	final
259	0.44313865900039673	0.09205888956785202	0.3510797619819641	0.886904776096344	0.18565401434898376	336	237	99	True	final
260	0.4553351402282715	0.09324182569980621	0.36209332942962646	0.8779761791229248	0.18143460154533386	336	237	99	False	final
261	0.46151837706565857	0.10120841860771179	0.3603099584579468	0.875	0.16877637803554535	336	237	99	False	final
262	0.46640545129776	0.10550467669963837	0.36090078949928284	0.8809523582458496	0.16877637803554535	336	237	99	False	final
263	0.443101167678833	0.095169797539711	0.3479313850402832	0.8839285969734192	0.16877637803554535	336	237	99	True	final
264	0.47227832674980164	0.11089456081390381	0.3613837659358978	0.8690476417541504	0.18565401434898376	336	237	99	False	final
265	0.4668562710285187	0.11025605350732803	0.35660022497177124	0.863095223903656	0.19831223785877228	336	237	99	False	final
266	0.4617246687412262	0.10075552016496658	0.3609691560268402	0.8660714030265808	0.19409282505512238	336	237	99	False	final
267	0.4774775505065918	0.11436925828456879	0.3631082773208618	0.875	0.14767932891845703	336	237	99	False	final
268	0.4495662450790405	0.09690792113542557	0.35265833139419556	0.875	0.17721518874168396	336	237	99	False	final
269	0.4615795910358429	0.10124021768569946	0.36033937335014343	0.8839285969734192	0.16455696523189545	336	237	99	False	final
270	0.4616311192512512	0.10243289917707443	0.3591982126235962	0.8720238208770752	0.17299577593803406	336	237	99	False	final
271	0.4590928554534912	0.10577770322561264	0.353315144777298	0.875	0.15611813962459564	336	237	99	False	final
272	0.4589548408985138	0.09555350989103317	0.3634013235569	0.8690476417541504	0.16455696523189545	336	237	99	False	final
273	0.4459719657897949	0.09280247986316681	0.3531695008277893	0.8928571343421936	0.17299577593803406	336	237	99	False	final
274	0.45152273774147034	0.10064037889242172	0.350882351398468	0.8779761791229248	0.18143460154533386	336	237	99	False	final
275	0.4579256772994995	0.09970995038747787	0.35821571946144104	0.8958333134651184	0.18565401434898376	336	237	99	False	final
276	0.45646336674690247	0.10527441650629044	0.3511889576911926	0.886904776096344	0.20253165066242218	336	237	99	False	final
277	0.45504045486450195	0.09251873195171356	0.3625217080116272	0.886904776096344	0.18987341225147247	336	237	99	False	final
278	0.4595823287963867	0.10556470602750778	0.35401761531829834	0.8839285969734192	0.20253165066242218	336	237	99	False	final
279	0.4484153985977173	0.0945594385266304	0.3538559675216675	0.875	0.17299577593803406	336	237	99	False	final
280	0.44637709856033325	0.0916210263967514	0.35475608706474304	0.8928571343421936	0.17299577593803406	336	237	99	False	final
281	0.45230668783187866	0.09753137081861496	0.3547753095626831	0.8839285969734192	0.16877637803554535	336	237	99	False	final
282	0.45275670289993286	0.08908870816230774	0.3636679947376251	0.9077380895614624	0.16033755242824554	336	237	99	False	final
283	0.4537751376628876	0.0937376543879509	0.3600374758243561	0.8928571343421936	0.19409282505512238	336	237	99	False	final
284	0.4447982609272003	0.09314032644033432	0.3516579270362854	0.8958333134651184	0.16877637803554535	336	237	99	False	final
285	0.44421935081481934	0.0929693728685379	0.35124996304512024	0.8928571343421936	0.16033755242824554	336	237	99	False	final
286	0.44524893164634705	0.09286421537399292	0.3523847162723541	0.8958333134651184	0.14767932891845703	336	237	99	False	final
287	0.4463631510734558	0.09205210953950882	0.3543110489845276	0.8898809552192688	0.13924050331115723	336	237	99	False	final
288	0.4502253532409668	0.09917867928743362	0.35104668140411377	0.875	0.16033755242824554	336	237	99	False	final
289	0.44521233439445496	0.09706033021211624	0.3481520116329193	0.8839285969734192	0.18565401434898376	336	237	99	False	final
290	0.4352410137653351	0.08120640367269516	0.3540346026420593	0.898809552192688	0.18987341225147247	336	237	99	True	final
291	0.45014917850494385	0.10094134509563446	0.3492078185081482	0.8839285969734192	0.18987341225147247	336	237	99	False	final
292	0.44517970085144043	0.09609214961528778	0.34908753633499146	0.8809523582458496	0.18987341225147247	336	237	99	False	final
293	0.4473646581172943	0.0968150869011879	0.350549578666687	0.8898809552192688	0.18143460154533386	336	237	99	False	final
294	0.46272188425064087	0.09917576611042023	0.36354613304138184	0.8898809552192688	0.17299577593803406	336	237	99	False	final
295	0.43712449073791504	0.0889548808336258	0.34816959500312805	0.898809552192688	0.15611813962459564	336	237	99	False	final
296	0.4383728504180908	0.0900299921631813	0.3483428657054901	0.8839285969734192	0.2194092869758606	336	237	99	False	final
297	0.45091015100479126	0.09760542958974838	0.3533047139644623	0.886904776096344	0.17721518874168396	336	237	99	False	final
298	0.43550729751586914	0.08431937545537949	0.35118791460990906	0.8958333134651184	0.2109704613685608	336	237	99	False	final
299	0.4369388520717621	0.08876895904541016	0.34816989302635193	0.9077380895614624	0.16455696523189545	336	237	99	False	final
300	0.4440172612667084	0.08697060495615005	0.3570466637611389	0.875	0.18143460154533386	336	237	99	False	final
