class_name	type_tau	precision	recall	f1	tp	fp	fn	tn
ecDNA	0.05000000074505806	0.2032520325203252	1.0	0.3378378378378379	25	98	0	114
ecDNA	0.05999999865889549	0.22123893805309736	1.0	0.36231884057971014	25	88	0	124
ecDNA	0.07000000029802322	0.25510204081632654	1.0	0.40650406504065045	25	73	0	139
ecDNA	0.07999999821186066	0.26595744680851063	1.0	0.42016806722689076	25	69	0	143
ecDNA	0.09000000357627869	0.2976190476190476	1.0	0.4587155963302752	25	59	0	153
ecDNA	0.10000000149011612	0.3125	1.0	0.47619047619047616	25	55	0	157
ecDNA	0.10999999940395355	0.32051282051282054	1.0	0.48543689320388356	25	53	0	159
ecDNA	0.11999999731779099	0.32894736842105265	1.0	0.4950495049504951	25	51	0	161
ecDNA	0.12999999523162842	0.35714285714285715	1.0	0.5263157894736842	25	45	0	167
ecDNA	0.14000000059604645	0.390625	1.0	0.5617977528089888	25	39	0	173
ecDNA	0.15000000596046448	0.423728813559322	1.0	0.5952380952380952	25	34	0	178
ecDNA	0.1599999964237213	0.43103448275862066	1.0	0.6024096385542169	25	33	0	179
ecDNA	0.17000000178813934	0.43859649122807015	1.0	0.6097560975609756	25	32	0	180
ecDNA	0.18000000715255737	0.44642857142857145	1.0	0.617283950617284	25	31	0	181
ecDNA	0.1899999976158142	0.45454545454545453	1.0	0.625	25	30	0	182
ecDNA	0.20000000298023224	0.46296296296296297	1.0	0.6329113924050632	25	29	0	183
ecDNA	0.20999999344348907	0.5208333333333334	1.0	0.684931506849315	25	23	0	189
ecDNA	0.2199999988079071	0.5208333333333334	1.0	0.684931506849315	25	23	0	189
ecDNA	0.23000000417232513	0.5681818181818182	1.0	0.7246376811594203	25	19	0	193
ecDNA	0.23999999463558197	0.6410256410256411	1.0	0.7812500000000001	25	14	0	198
ecDNA	0.25	0.6410256410256411	1.0	0.7812500000000001	25	14	0	198
ecDNA	0.25999999046325684	0.6410256410256411	1.0	0.7812500000000001	25	14	0	198
ecDNA	0.27000001072883606	0.6578947368421053	1.0	0.7936507936507937	25	13	0	199
ecDNA	0.2800000011920929	0.6578947368421053	1.0	0.7936507936507937	25	13	0	199
ecDNA	0.28999999165534973	0.6944444444444444	1.0	0.819672131147541	25	11	0	201
ecDNA	0.30000001192092896	0.6944444444444444	1.0	0.819672131147541	25	11	0	201
ecDNA	0.3100000023841858	0.6944444444444444	1.0	0.819672131147541	25	11	0	201
ecDNA	0.3199999928474426	0.7142857142857143	1.0	0.8333333333333333	25	10	0	202
ecDNA	0.33000001311302185	0.7352941176470589	1.0	0.8474576271186441	25	9	0	203
ecDNA	0.3400000035762787	0.7352941176470589	1.0	0.8474576271186441	25	9	0	203
ecDNA	0.3499999940395355	0.7575757575757576	1.0	0.8620689655172413	25	8	0	204
ecDNA	0.36000001430511475	0.7575757575757576	1.0	0.8620689655172413	25	8	0	204
ecDNA	0.3700000047683716	0.7575757575757576	1.0	0.8620689655172413	25	8	0	204
ecDNA	0.3799999952316284	0.7575757575757576	1.0	0.8620689655172413	25	8	0	204
ecDNA	0.38999998569488525	0.8064516129032258	1.0	0.8928571428571428	25	6	0	206
ecDNA	0.4000000059604645	0.8064516129032258	1.0	0.8928571428571428	25	6	0	206
ecDNA	0.4099999964237213	0.8064516129032258	1.0	0.8928571428571428	25	6	0	206
ecDNA	0.41999998688697815	0.8064516129032258	1.0	0.8928571428571428	25	6	0	206
ecDNA	0.4300000071525574	0.8064516129032258	1.0	0.8928571428571428	25	6	0	206
ecDNA	0.4399999976158142	0.8064516129032258	1.0	0.8928571428571428	25	6	0	206
ecDNA	0.44999998807907104	0.8333333333333334	1.0	0.9090909090909091	25	5	0	207
ecDNA	0.46000000834465027	0.8333333333333334	1.0	0.9090909090909091	25	5	0	207
ecDNA	0.4699999988079071	0.8333333333333334	1.0	0.9090909090909091	25	5	0	207
ecDNA	0.47999998927116394	0.8333333333333334	1.0	0.9090909090909091	25	5	0	207
ecDNA	0.49000000953674316	0.8333333333333334	1.0	0.9090909090909091	25	5	0	207
ecDNA	0.5	0.8333333333333334	1.0	0.9090909090909091	25	5	0	207
ecDNA	0.5099999904632568	0.8333333333333334	1.0	0.9090909090909091	25	5	0	207
ecDNA	0.5199999809265137	0.8333333333333334	1.0	0.9090909090909091	25	5	0	207
ecDNA	0.5299999713897705	0.8333333333333334	1.0	0.9090909090909091	25	5	0	207
ecDNA	0.5400000214576721	0.8333333333333334	1.0	0.9090909090909091	25	5	0	207
ecDNA	0.550000011920929	0.8333333333333334	1.0	0.9090909090909091	25	5	0	207
ecDNA	0.5600000023841858	0.8333333333333334	1.0	0.9090909090909091	25	5	0	207
ecDNA	0.5699999928474426	0.8620689655172413	1.0	0.9259259259259259	25	4	0	208
ecDNA	0.5799999833106995	0.8620689655172413	1.0	0.9259259259259259	25	4	0	208
ecDNA	0.5899999737739563	0.8620689655172413	1.0	0.9259259259259259	25	4	0	208
ecDNA	0.6000000238418579	0.8620689655172413	1.0	0.9259259259259259	25	4	0	208
ecDNA	0.6100000143051147	0.8620689655172413	1.0	0.9259259259259259	25	4	0	208
ecDNA	0.6200000047683716	0.8928571428571429	1.0	0.9433962264150945	25	3	0	209
ecDNA	0.6299999952316284	0.8928571428571429	1.0	0.9433962264150945	25	3	0	209
ecDNA	0.6399999856948853	0.8928571428571429	1.0	0.9433962264150945	25	3	0	209
ecDNA	0.6499999761581421	1.0	1.0	1.0	25	0	0	212
ecDNA	0.6600000262260437	1.0	1.0	1.0	25	0	0	212
ecDNA	0.6700000166893005	1.0	1.0	1.0	25	0	0	212
ecDNA	0.6800000071525574	1.0	1.0	1.0	25	0	0	212
ecDNA	0.6899999976158142	1.0	1.0	1.0	25	0	0	212
ecDNA	0.699999988079071	1.0	1.0	1.0	25	0	0	212
ecDNA	0.7099999785423279	1.0	1.0	1.0	25	0	0	212
ecDNA	0.7200000286102295	1.0	1.0	1.0	25	0	0	212
ecDNA	0.7300000190734863	1.0	1.0	1.0	25	0	0	212
ecDNA	0.7400000095367432	1.0	1.0	1.0	25	0	0	212
ecDNA	0.75	1.0	1.0	1.0	25	0	0	212
ecDNA	0.7599999904632568	1.0	1.0	1.0	25	0	0	212
ecDNA	0.7699999809265137	1.0	1.0	1.0	25	0	0	212
ecDNA	0.7799999713897705	1.0	1.0	1.0	25	0	0	212
ecDNA	0.7900000214576721	1.0	1.0	1.0	25	0	0	212
ecDNA	0.800000011920929	1.0	1.0	1.0	25	0	0	212
ecDNA	0.8100000023841858	1.0	1.0	1.0	25	0	0	212
ecDNA	0.8199999928474426	1.0	1.0	1.0	25	0	0	212
ecDNA	0.8299999833106995	1.0	1.0	1.0	25	0	0	212
ecDNA	0.8399999737739563	1.0	0.96	0.9795918367346939	24	0	1	212
ecDNA	0.8500000238418579	1.0	0.92	0.9583333333333334	23	0	2	212
ecDNA	0.8600000143051147	1.0	0.84	0.9130434782608696	21	0	4	212
ecDNA	0.8700000047683716	1.0	0.76	0.8636363636363636	19	0	6	212
ecDNA	0.8799999952316284	1.0	0.68	0.8095238095238095	17	0	8	212
ecDNA	0.8899999856948853	1.0	0.68	0.8095238095238095	17	0	8	212
ecDNA	0.8999999761581421	1.0	0.68	0.8095238095238095	17	0	8	212
ecDNA	0.9100000262260437	1.0	0.64	0.7804878048780487	16	0	9	212
ecDNA	0.9200000166893005	1.0	0.64	0.7804878048780487	16	0	9	212
ecDNA	0.9300000071525574	1.0	0.56	0.717948717948718	14	0	11	212
ecDNA	0.9399999976158142	1.0	0.56	0.717948717948718	14	0	11	212
ecDNA	0.949999988079071	1.0	0.28	0.43750000000000006	7	0	18	212
Seismic_Amplification	0.05000000074505806	0.5343915343915344	1.0	0.6965517241379311	101	88	0	48
Seismic_Amplification	0.05999999865889549	0.5838150289017341	1.0	0.7372262773722628	101	72	0	64
Seismic_Amplification	0.07000000029802322	0.6158536585365854	1.0	0.7622641509433963	101	63	0	73
Seismic_Amplification	0.07999999821186066	0.6644736842105263	1.0	0.7984189723320159	101	51	0	85
Seismic_Amplification	0.09000000357627869	0.7163120567375887	1.0	0.8347107438016529	101	40	0	96
Seismic_Amplification	0.10000000149011612	0.7426470588235294	1.0	0.8523206751054853	101	35	0	101
Seismic_Amplification	0.10999999940395355	0.7890625	1.0	0.8820960698689956	101	27	0	109
Seismic_Amplification	0.11999999731779099	0.8145161290322581	1.0	0.8977777777777779	101	23	0	113
Seismic_Amplification	0.12999999523162842	0.8211382113821138	1.0	0.9017857142857143	101	22	0	114
Seismic_Amplification	0.14000000059604645	0.8278688524590164	1.0	0.9058295964125561	101	21	0	115
Seismic_Amplification	0.15000000596046448	0.8487394957983193	1.0	0.9181818181818181	101	18	0	118
Seismic_Amplification	0.1599999964237213	0.8859649122807017	1.0	0.9395348837209303	101	13	0	123
Seismic_Amplification	0.17000000178813934	0.8859649122807017	1.0	0.9395348837209303	101	13	0	123
Seismic_Amplification	0.18000000715255737	0.9017857142857143	1.0	0.948356807511737	101	11	0	125
Seismic_Amplification	0.1899999976158142	0.9099099099099099	1.0	0.9528301886792453	101	10	0	126
Seismic_Amplification	0.20000000298023224	0.9174311926605505	0.9900990099009901	0.9523809523809524	100	9	1	127
Seismic_Amplification	0.20999999344348907	0.9166666666666666	0.9801980198019802	0.9473684210526315	99	9	2	127
Seismic_Amplification	0.2199999988079071	0.9333333333333333	0.9702970297029703	0.9514563106796117	98	7	3	129
Seismic_Amplification	0.23000000417232513	0.9333333333333333	0.9702970297029703	0.9514563106796117	98	7	3	129
Seismic_Amplification	0.23999999463558197	0.9423076923076923	0.9702970297029703	0.9560975609756097	98	6	3	130
Seismic_Amplification	0.25	0.9423076923076923	0.9702970297029703	0.9560975609756097	98	6	3	130
Seismic_Amplification	0.25999999046325684	0.9514563106796117	0.9702970297029703	0.9607843137254902	98	5	3	131
Seismic_Amplification	0.27000001072883606	0.9514563106796117	0.9702970297029703	0.9607843137254902	98	5	3	131
Seismic_Amplification	0.2800000011920929	0.9514563106796117	0.9702970297029703	0.9607843137254902	98	5	3	131
Seismic_Amplification	0.28999999165534973	0.95	0.9405940594059405	0.9452736318407959	95	5	6	131
Seismic_Amplification	0.30000001192092896	0.9484536082474226	0.9108910891089109	0.9292929292929293	92	5	9	131
Seismic_Amplification	0.3100000023841858	0.968421052631579	0.9108910891089109	0.9387755102040817	92	3	9	133
Seismic_Amplification	0.3199999928474426	0.9680851063829787	0.900990099009901	0.9333333333333335	91	3	10	133
Seismic_Amplification	0.33000001311302185	0.9782608695652174	0.8910891089108911	0.9326424870466321	90	2	11	134
Seismic_Amplification	0.3400000035762787	0.9782608695652174	0.8910891089108911	0.9326424870466321	90	2	11	134
Seismic_Amplification	0.3499999940395355	0.9782608695652174	0.8910891089108911	0.9326424870466321	90	2	11	134
Seismic_Amplification	0.36000001430511475	0.9782608695652174	0.8910891089108911	0.9326424870466321	90	2	11	134
Seismic_Amplification	0.3700000047683716	0.9782608695652174	0.8910891089108911	0.9326424870466321	90	2	11	134
Seismic_Amplification	0.3799999952316284	0.9888888888888889	0.8811881188118812	0.9319371727748692	89	1	12	135
Seismic_Amplification	0.38999998569488525	1.0	0.8811881188118812	0.9368421052631579	89	0	12	136
Seismic_Amplification	0.4000000059604645	1.0	0.8613861386138614	0.9255319148936171	87	0	14	136
Seismic_Amplification	0.4099999964237213	1.0	0.8514851485148515	0.9197860962566845	86	0	15	136
Seismic_Amplification	0.41999998688697815	1.0	0.8514851485148515	0.9197860962566845	86	0	15	136
Seismic_Amplification	0.4300000071525574	1.0	0.8415841584158416	0.913978494623656	85	0	16	136
Seismic_Amplification	0.4399999976158142	1.0	0.8415841584158416	0.913978494623656	85	0	16	136
Seismic_Amplification	0.44999998807907104	1.0	0.8316831683168316	0.9081081081081082	84	0	17	136
Seismic_Amplification	0.46000000834465027	1.0	0.8316831683168316	0.9081081081081082	84	0	17	136
Seismic_Amplification	0.4699999988079071	1.0	0.8217821782178217	0.9021739130434783	83	0	18	136
Seismic_Amplification	0.47999998927116394	1.0	0.7920792079207921	0.8839779005524863	80	0	21	136
Seismic_Amplification	0.49000000953674316	1.0	0.7524752475247525	0.8587570621468926	76	0	25	136
Seismic_Amplification	0.5	1.0	0.7128712871287128	0.8323699421965318	72	0	29	136
Seismic_Amplification	0.5099999904632568	1.0	0.693069306930693	0.8187134502923976	70	0	31	136
Seismic_Amplification	0.5199999809265137	1.0	0.693069306930693	0.8187134502923976	70	0	31	136
Seismic_Amplification	0.5299999713897705	1.0	0.6534653465346535	0.7904191616766467	66	0	35	136
Seismic_Amplification	0.5400000214576721	1.0	0.6534653465346535	0.7904191616766467	66	0	35	136
Seismic_Amplification	0.550000011920929	1.0	0.6336633663366337	0.7757575757575758	64	0	37	136
Seismic_Amplification	0.5600000023841858	1.0	0.6237623762376238	0.7682926829268292	63	0	38	136
Seismic_Amplification	0.5699999928474426	1.0	0.6237623762376238	0.7682926829268292	63	0	38	136
Seismic_Amplification	0.5799999833106995	1.0	0.6039603960396039	0.7530864197530863	61	0	40	136
Seismic_Amplification	0.5899999737739563	1.0	0.5742574257425742	0.7295597484276729	58	0	43	136
Seismic_Amplification	0.6000000238418579	1.0	0.5445544554455446	0.7051282051282052	55	0	46	136
Seismic_Amplification	0.6100000143051147	1.0	0.5346534653465347	0.6967741935483871	54	0	47	136
Seismic_Amplification	0.6200000047683716	1.0	0.5247524752475248	0.6883116883116883	53	0	48	136
Seismic_Amplification	0.6299999952316284	1.0	0.5148514851485149	0.6797385620915033	52	0	49	136
Seismic_Amplification	0.6399999856948853	1.0	0.504950495049505	0.6710526315789473	51	0	50	136
Seismic_Amplification	0.6499999761581421	1.0	0.4752475247524752	0.6442953020134228	48	0	53	136
Seismic_Amplification	0.6600000262260437	1.0	0.44554455445544555	0.6164383561643836	45	0	56	136
Seismic_Amplification	0.6700000166893005	1.0	0.40594059405940597	0.5774647887323945	41	0	60	136
Seismic_Amplification	0.6800000071525574	1.0	0.32673267326732675	0.4925373134328358	33	0	68	136
Seismic_Amplification	0.6899999976158142	1.0	0.297029702970297	0.4580152671755725	30	0	71	136
Seismic_Amplification	0.699999988079071	1.0	0.2871287128712871	0.4461538461538461	29	0	72	136
Seismic_Amplification	0.7099999785423279	1.0	0.2079207920792079	0.3442622950819672	21	0	80	136
Seismic_Amplification	0.7200000286102295	1.0	0.2079207920792079	0.3442622950819672	21	0	80	136
Seismic_Amplification	0.7300000190734863	1.0	0.1188118811881188	0.21238938053097342	12	0	89	136
Seismic_Amplification	0.7400000095367432	1.0	0.0891089108910891	0.1636363636363636	9	0	92	136
Seismic_Amplification	0.75	1.0	0.0594059405940594	0.11214953271028036	6	0	95	136
Seismic_Amplification	0.7599999904632568	1.0	0.04950495049504951	0.09433962264150944	5	0	96	136
Seismic_Amplification	0.7699999809265137	1.0	0.039603960396039604	0.07619047619047618	4	0	97	136
Seismic_Amplification	0.7799999713897705	1.0	0.0297029702970297	0.05769230769230769	3	0	98	136
Seismic_Amplification	0.7900000214576721	1.0	0.0297029702970297	0.05769230769230769	3	0	98	136
Seismic_Amplification	0.800000011920929	1.0	0.0297029702970297	0.05769230769230769	3	0	98	136
Seismic_Amplification	0.8100000023841858	1.0	0.0297029702970297	0.05769230769230769	3	0	98	136
Seismic_Amplification	0.8199999928474426	1.0	0.0297029702970297	0.05769230769230769	3	0	98	136
Seismic_Amplification	0.8299999833106995	1.0	0.0297029702970297	0.05769230769230769	3	0	98	136
Seismic_Amplification	0.8399999737739563	1.0	0.0297029702970297	0.05769230769230769	3	0	98	136
Seismic_Amplification	0.8500000238418579	1.0	0.0297029702970297	0.05769230769230769	3	0	98	136
Seismic_Amplification	0.8600000143051147	1.0	0.0297029702970297	0.05769230769230769	3	0	98	136
Seismic_Amplification	0.8700000047683716	1.0	0.0297029702970297	0.05769230769230769	3	0	98	136
Seismic_Amplification	0.8799999952316284	1.0	0.0297029702970297	0.05769230769230769	3	0	98	136
Seismic_Amplification	0.8899999856948853	1.0	0.0297029702970297	0.05769230769230769	3	0	98	136
Seismic_Amplification	0.8999999761581421	1.0	0.0297029702970297	0.05769230769230769	3	0	98	136
Seismic_Amplification	0.9100000262260437	1.0	0.0297029702970297	0.05769230769230769	3	0	98	136
Seismic_Amplification	0.9200000166893005	1.0	0.0297029702970297	0.05769230769230769	3	0	98	136
Seismic_Amplification	0.9300000071525574	1.0	0.0297029702970297	0.05769230769230769	3	0	98	136
Seismic_Amplification	0.9399999976158142	1.0	0.0297029702970297	0.05769230769230769	3	0	98	136
Seismic_Amplification	0.949999988079071	1.0	0.0297029702970297	0.05769230769230769	3	0	98	136
chromothripsis	0.05000000074505806	0.4930555555555556	0.9594594594594594	0.6513761467889908	71	73	3	90
chromothripsis	0.05999999865889549	0.5419847328244275	0.9594594594594594	0.6926829268292682	71	60	3	103
chromothripsis	0.07000000029802322	0.5867768595041323	0.9594594594594594	0.7282051282051282	71	50	3	113
chromothripsis	0.07999999821186066	0.6016949152542372	0.9594594594594594	0.7395833333333334	71	47	3	116
chromothripsis	0.09000000357627869	0.6339285714285714	0.9594594594594594	0.7634408602150536	71	41	3	122
chromothripsis	0.10000000149011612	0.6396396396396397	0.9594594594594594	0.7675675675675677	71	40	3	123
chromothripsis	0.10999999940395355	0.6761904761904762	0.9594594594594594	0.7932960893854749	71	34	3	129
chromothripsis	0.11999999731779099	0.7029702970297029	0.9594594594594594	0.8114285714285714	71	30	3	133
chromothripsis	0.12999999523162842	0.7244897959183674	0.9594594594594594	0.8255813953488371	71	27	3	136
chromothripsis	0.14000000059604645	0.7634408602150538	0.9594594594594594	0.8502994011976047	71	22	3	141
chromothripsis	0.15000000596046448	0.7717391304347826	0.9594594594594594	0.855421686746988	71	21	3	142
chromothripsis	0.1599999964237213	0.7888888888888889	0.9594594594594594	0.8658536585365852	71	19	3	144
chromothripsis	0.17000000178813934	0.7954545454545454	0.9459459459459459	0.8641975308641975	70	18	4	145
chromothripsis	0.18000000715255737	0.8214285714285714	0.9324324324324325	0.8734177215189872	69	15	5	148
chromothripsis	0.1899999976158142	0.8518518518518519	0.9324324324324325	0.8903225806451613	69	12	5	151
chromothripsis	0.20000000298023224	0.85	0.918918918918919	0.8831168831168831	68	12	6	151
chromothripsis	0.20999999344348907	0.85	0.918918918918919	0.8831168831168831	68	12	6	151
chromothripsis	0.2199999988079071	0.85	0.918918918918919	0.8831168831168831	68	12	6	151
chromothripsis	0.23000000417232513	0.8589743589743589	0.9054054054054054	0.881578947368421	67	11	7	152
chromothripsis	0.23999999463558197	0.8701298701298701	0.9054054054054054	0.8874172185430463	67	10	7	153
chromothripsis	0.25	0.881578947368421	0.9054054054054054	0.8933333333333332	67	9	7	154
chromothripsis	0.25999999046325684	0.8767123287671232	0.8648648648648649	0.870748299319728	64	9	10	154
chromothripsis	0.27000001072883606	0.8767123287671232	0.8648648648648649	0.870748299319728	64	9	10	154
chromothripsis	0.2800000011920929	0.875	0.8513513513513513	0.863013698630137	63	9	11	154
chromothripsis	0.28999999165534973	0.875	0.8513513513513513	0.863013698630137	63	9	11	154
chromothripsis	0.30000001192092896	0.8714285714285714	0.8243243243243243	0.8472222222222222	61	9	13	154
chromothripsis	0.3100000023841858	0.8840579710144928	0.8243243243243243	0.853146853146853	61	8	13	155
chromothripsis	0.3199999928474426	0.8787878787878788	0.7837837837837838	0.8285714285714285	58	8	16	155
chromothripsis	0.33000001311302185	0.9047619047619048	0.7702702702702703	0.832116788321168	57	6	17	157
chromothripsis	0.3400000035762787	0.9016393442622951	0.7432432432432432	0.8148148148148148	55	6	19	157
chromothripsis	0.3499999940395355	0.8947368421052632	0.6891891891891891	0.7786259541984732	51	6	23	157
chromothripsis	0.36000001430511475	0.8888888888888888	0.6486486486486487	0.75	48	6	26	157
chromothripsis	0.3700000047683716	0.8846153846153846	0.6216216216216216	0.7301587301587302	46	6	28	157
chromothripsis	0.3799999952316284	0.8823529411764706	0.6081081081081081	0.72	45	6	29	157
chromothripsis	0.38999998569488525	0.88	0.5945945945945946	0.7096774193548386	44	6	30	157
chromothripsis	0.4000000059604645	0.8695652173913043	0.5405405405405406	0.6666666666666666	40	6	34	157
chromothripsis	0.4099999964237213	0.8571428571428571	0.4864864864864865	0.6206896551724138	36	6	38	157
chromothripsis	0.41999998688697815	0.8571428571428571	0.4864864864864865	0.6206896551724138	36	6	38	157
chromothripsis	0.4300000071525574	0.8536585365853658	0.47297297297297297	0.6086956521739131	35	6	39	157
chromothripsis	0.4399999976158142	0.8947368421052632	0.4594594594594595	0.6071428571428572	34	4	40	159
chromothripsis	0.44999998807907104	0.8918918918918919	0.44594594594594594	0.5945945945945946	33	4	41	159
chromothripsis	0.46000000834465027	0.8823529411764706	0.40540540540540543	0.5555555555555556	30	4	44	159
chromothripsis	0.4699999988079071	0.8787878787878788	0.3918918918918919	0.5420560747663552	29	4	45	159
chromothripsis	0.47999998927116394	0.8709677419354839	0.36486486486486486	0.5142857142857142	27	4	47	159
chromothripsis	0.49000000953674316	0.8571428571428571	0.32432432432432434	0.4705882352941177	24	4	50	159
chromothripsis	0.5	0.8518518518518519	0.3108108108108108	0.4554455445544554	23	4	51	159
chromothripsis	0.5099999904632568	0.8518518518518519	0.3108108108108108	0.4554455445544554	23	4	51	159
chromothripsis	0.5199999809265137	0.8333333333333334	0.2702702702702703	0.4081632653061225	20	4	54	159
chromothripsis	0.5299999713897705	0.8095238095238095	0.22972972972972974	0.35789473684210527	17	4	57	159
chromothripsis	0.5400000214576721	0.8	0.21621621621621623	0.3404255319148936	16	4	58	159
chromothripsis	0.550000011920929	0.8	0.21621621621621623	0.3404255319148936	16	4	58	159
chromothripsis	0.5600000023841858	0.7894736842105263	0.20270270270270271	0.3225806451612903	15	4	59	159
chromothripsis	0.5699999928474426	0.7647058823529411	0.17567567567567569	0.28571428571428575	13	4	61	159
chromothripsis	0.5799999833106995	0.75	0.16216216216216217	0.26666666666666666	12	4	62	159
chromothripsis	0.5899999737739563	0.6923076923076923	0.12162162162162163	0.20689655172413796	9	4	65	159
chromothripsis	0.6000000238418579	0.6666666666666666	0.10810810810810811	0.18604651162790697	8	4	66	159
chromothripsis	0.6100000143051147	0.6363636363636364	0.0945945945945946	0.16470588235294117	7	4	67	159
chromothripsis	0.6200000047683716	0.6	0.08108108108108109	0.14285714285714288	6	4	68	159
chromothripsis	0.6299999952316284	0.6	0.08108108108108109	0.14285714285714288	6	4	68	159
chromothripsis	0.6399999856948853	0.5555555555555556	0.06756756756756757	0.12048192771084337	5	4	69	159
chromothripsis	0.6499999761581421	0.5555555555555556	0.06756756756756757	0.12048192771084337	5	4	69	159
chromothripsis	0.6600000262260437	0.5	0.05405405405405406	0.0975609756097561	4	4	70	159
chromothripsis	0.6700000166893005	0.5	0.05405405405405406	0.0975609756097561	4	4	70	159
chromothripsis	0.6800000071525574	1.0	0.05405405405405406	0.10256410256410257	4	0	70	163
chromothripsis	0.6899999976158142	1.0	0.04054054054054054	0.07792207792207792	3	0	71	163
chromothripsis	0.699999988079071	1.0	0.04054054054054054	0.07792207792207792	3	0	71	163
chromothripsis	0.7099999785423279	1.0	0.04054054054054054	0.07792207792207792	3	0	71	163
chromothripsis	0.7200000286102295	1.0	0.04054054054054054	0.07792207792207792	3	0	71	163
chromothripsis	0.7300000190734863	1.0	0.04054054054054054	0.07792207792207792	3	0	71	163
chromothripsis	0.7400000095367432	1.0	0.04054054054054054	0.07792207792207792	3	0	71	163
chromothripsis	0.75	1.0	0.04054054054054054	0.07792207792207792	3	0	71	163
chromothripsis	0.7599999904632568	1.0	0.04054054054054054	0.07792207792207792	3	0	71	163
chromothripsis	0.7699999809265137	1.0	0.0	0.0	0	0	74	163
chromothripsis	0.7799999713897705	1.0	0.0	0.0	0	0	74	163
chromothripsis	0.7900000214576721	1.0	0.0	0.0	0	0	74	163
chromothripsis	0.800000011920929	1.0	0.0	0.0	0	0	74	163
chromothripsis	0.8100000023841858	1.0	0.0	0.0	0	0	74	163
chromothripsis	0.8199999928474426	1.0	0.0	0.0	0	0	74	163
chromothripsis	0.8299999833106995	1.0	0.0	0.0	0	0	74	163
chromothripsis	0.8399999737739563	1.0	0.0	0.0	0	0	74	163
chromothripsis	0.8500000238418579	1.0	0.0	0.0	0	0	74	163
chromothripsis	0.8600000143051147	1.0	0.0	0.0	0	0	74	163
chromothripsis	0.8700000047683716	1.0	0.0	0.0	0	0	74	163
chromothripsis	0.8799999952316284	1.0	0.0	0.0	0	0	74	163
chromothripsis	0.8899999856948853	1.0	0.0	0.0	0	0	74	163
chromothripsis	0.8999999761581421	1.0	0.0	0.0	0	0	74	163
chromothripsis	0.9100000262260437	1.0	0.0	0.0	0	0	74	163
chromothripsis	0.9200000166893005	1.0	0.0	0.0	0	0	74	163
chromothripsis	0.9300000071525574	1.0	0.0	0.0	0	0	74	163
chromothripsis	0.9399999976158142	1.0	0.0	0.0	0	0	74	163
chromothripsis	0.949999988079071	1.0	0.0	0.0	0	0	74	163
BFB	0.05000000074505806	0.7073170731707317	1.0	0.8285714285714285	145	60	0	32
BFB	0.05999999865889549	0.7754010695187166	1.0	0.8734939759036144	145	42	0	50
BFB	0.07000000029802322	0.8238636363636364	1.0	0.9034267912772587	145	31	0	61
BFB	0.07999999821186066	0.8674698795180723	0.993103448275862	0.9260450160771705	144	22	1	70
BFB	0.09000000357627869	0.9271523178807947	0.9655172413793104	0.9459459459459459	140	11	5	81
BFB	0.10000000149011612	0.9266666666666666	0.9586206896551724	0.9423728813559322	139	11	6	81
BFB	0.10999999940395355	0.9513888888888888	0.9448275862068966	0.9480968858131488	137	7	8	85
BFB	0.11999999731779099	0.9784172661870504	0.9379310344827586	0.9577464788732394	136	3	9	89
BFB	0.12999999523162842	0.9776119402985075	0.903448275862069	0.939068100358423	131	3	14	89
BFB	0.14000000059604645	0.9922480620155039	0.8827586206896552	0.9343065693430657	128	1	17	91
BFB	0.15000000596046448	0.9916666666666667	0.8206896551724138	0.8981132075471697	119	1	26	91
BFB	0.1599999964237213	1.0	0.8	0.888888888888889	116	0	29	92
BFB	0.17000000178813934	1.0	0.7862068965517242	0.8803088803088803	114	0	31	92
BFB	0.18000000715255737	1.0	0.7586206896551724	0.8627450980392156	110	0	35	92
BFB	0.1899999976158142	1.0	0.7310344827586207	0.844621513944223	106	0	39	92
BFB	0.20000000298023224	1.0	0.6482758620689655	0.7866108786610878	94	0	51	92
BFB	0.20999999344348907	1.0	0.5793103448275863	0.7336244541484717	84	0	61	92
BFB	0.2199999988079071	1.0	0.5310344827586206	0.6936936936936936	77	0	68	92
BFB	0.23000000417232513	1.0	0.4896551724137931	0.6574074074074074	71	0	74	92
BFB	0.23999999463558197	1.0	0.4482758620689655	0.6190476190476191	65	0	80	92
BFB	0.25	1.0	0.38620689655172413	0.5572139303482587	56	0	89	92
BFB	0.25999999046325684	1.0	0.3586206896551724	0.5279187817258884	52	0	93	92
BFB	0.27000001072883606	1.0	0.3103448275862069	0.4736842105263158	45	0	100	92
BFB	0.2800000011920929	1.0	0.296551724137931	0.4574468085106383	43	0	102	92
BFB	0.28999999165534973	1.0	0.2896551724137931	0.4491978609625668	42	0	103	92
BFB	0.30000001192092896	1.0	0.2620689655172414	0.41530054644808745	38	0	107	92
BFB	0.3100000023841858	1.0	0.25517241379310346	0.4065934065934066	37	0	108	92
BFB	0.3199999928474426	1.0	0.2482758620689655	0.39779005524861877	36	0	109	92
BFB	0.33000001311302185	1.0	0.21379310344827587	0.3522727272727273	31	0	114	92
BFB	0.3400000035762787	1.0	0.1724137931034483	0.29411764705882354	25	0	120	92
BFB	0.3499999940395355	1.0	0.16551724137931034	0.28402366863905326	24	0	121	92
BFB	0.36000001430511475	1.0	0.15172413793103448	0.26347305389221554	22	0	123	92
BFB	0.3700000047683716	1.0	0.06896551724137931	0.12903225806451613	10	0	135	92
BFB	0.3799999952316284	1.0	0.04827586206896552	0.09210526315789473	7	0	138	92
BFB	0.38999998569488525	1.0	0.04827586206896552	0.09210526315789473	7	0	138	92
BFB	0.4000000059604645	1.0	0.041379310344827586	0.07947019867549668	6	0	139	92
BFB	0.4099999964237213	1.0	0.034482758620689655	0.06666666666666667	5	0	140	92
BFB	0.41999998688697815	1.0	0.020689655172413793	0.040540540540540536	3	0	142	92
BFB	0.4300000071525574	1.0	0.020689655172413793	0.040540540540540536	3	0	142	92
BFB	0.4399999976158142	1.0	0.013793103448275862	0.027210884353741496	2	0	143	92
BFB	0.44999998807907104	1.0	0.006896551724137931	0.0136986301369863	1	0	144	92
BFB	0.46000000834465027	1.0	0.006896551724137931	0.0136986301369863	1	0	144	92
BFB	0.4699999988079071	1.0	0.006896551724137931	0.0136986301369863	1	0	144	92
BFB	0.47999998927116394	1.0	0.0	0.0	0	0	145	92
BFB	0.49000000953674316	1.0	0.0	0.0	0	0	145	92
BFB	0.5	1.0	0.0	0.0	0	0	145	92
BFB	0.5099999904632568	1.0	0.0	0.0	0	0	145	92
BFB	0.5199999809265137	1.0	0.0	0.0	0	0	145	92
BFB	0.5299999713897705	1.0	0.0	0.0	0	0	145	92
BFB	0.5400000214576721	1.0	0.0	0.0	0	0	145	92
BFB	0.550000011920929	1.0	0.0	0.0	0	0	145	92
BFB	0.5600000023841858	1.0	0.0	0.0	0	0	145	92
BFB	0.5699999928474426	1.0	0.0	0.0	0	0	145	92
BFB	0.5799999833106995	1.0	0.0	0.0	0	0	145	92
BFB	0.5899999737739563	1.0	0.0	0.0	0	0	145	92
BFB	0.6000000238418579	1.0	0.0	0.0	0	0	145	92
BFB	0.6100000143051147	1.0	0.0	0.0	0	0	145	92
BFB	0.6200000047683716	1.0	0.0	0.0	0	0	145	92
BFB	0.6299999952316284	1.0	0.0	0.0	0	0	145	92
BFB	0.6399999856948853	1.0	0.0	0.0	0	0	145	92
BFB	0.6499999761581421	1.0	0.0	0.0	0	0	145	92
BFB	0.6600000262260437	1.0	0.0	0.0	0	0	145	92
BFB	0.6700000166893005	1.0	0.0	0.0	0	0	145	92
BFB	0.6800000071525574	1.0	0.0	0.0	0	0	145	92
BFB	0.6899999976158142	1.0	0.0	0.0	0	0	145	92
BFB	0.699999988079071	1.0	0.0	0.0	0	0	145	92
BFB	0.7099999785423279	1.0	0.0	0.0	0	0	145	92
BFB	0.7200000286102295	1.0	0.0	0.0	0	0	145	92
BFB	0.7300000190734863	1.0	0.0	0.0	0	0	145	92
BFB	0.7400000095367432	1.0	0.0	0.0	0	0	145	92
BFB	0.75	1.0	0.0	0.0	0	0	145	92
BFB	0.7599999904632568	1.0	0.0	0.0	0	0	145	92
BFB	0.7699999809265137	1.0	0.0	0.0	0	0	145	92
BFB	0.7799999713897705	1.0	0.0	0.0	0	0	145	92
BFB	0.7900000214576721	1.0	0.0	0.0	0	0	145	92
BFB	0.800000011920929	1.0	0.0	0.0	0	0	145	92
BFB	0.8100000023841858	1.0	0.0	0.0	0	0	145	92
BFB	0.8199999928474426	1.0	0.0	0.0	0	0	145	92
BFB	0.8299999833106995	1.0	0.0	0.0	0	0	145	92
BFB	0.8399999737739563	1.0	0.0	0.0	0	0	145	92
BFB	0.8500000238418579	1.0	0.0	0.0	0	0	145	92
BFB	0.8600000143051147	1.0	0.0	0.0	0	0	145	92
BFB	0.8700000047683716	1.0	0.0	0.0	0	0	145	92
BFB	0.8799999952316284	1.0	0.0	0.0	0	0	145	92
BFB	0.8899999856948853	1.0	0.0	0.0	0	0	145	92
BFB	0.8999999761581421	1.0	0.0	0.0	0	0	145	92
BFB	0.9100000262260437	1.0	0.0	0.0	0	0	145	92
BFB	0.9200000166893005	1.0	0.0	0.0	0	0	145	92
BFB	0.9300000071525574	1.0	0.0	0.0	0	0	145	92
BFB	0.9399999976158142	1.0	0.0	0.0	0	0	145	92
BFB	0.949999988079071	1.0	0.0	0.0	0	0	145	92
