label	threshold	scale	region_mode	nms_mode	maximum_per_sample	calls	predictions	true_predictions	recall	precision	f1	f2	fold
ecDNA	0.7058953046798706	0.67	representative	none	2	5	2	2	0.4	1.0	0.5714285714285715	0.4545454545454545	AU565
chromothripsis	0.6856527924537659	0.67	representative	none	1	5	1	1	0.2	1.0	0.3333333333333333	0.238095238095238	AU565
BFB	0.6245416402816772	1.0	envelope	containment	8	9	13	7	0.7777777777777778	0.5384615384615384	0.6363636363636364	0.7142857142857142	AU565
seismic_amplification	0.5509999394416809	0.67	representative	none	2	5	4	3	0.6	0.75	0.6666666666666665	0.625	AU565
ecDNA	0.532319188117981	1.0	representative	none	2	5	6	3	0.6	0.5	0.5454545454545454	0.5769230769230769	BT474
chromothripsis	0.6712230443954468	0.67	representative	none	4	6	7	3	0.5	0.4285714285714285	0.4615384615384615	0.4838709677419354	BT474
BFB	0.6008946299552917	1.0	representative	containment	4	9	11	6	0.6666666666666666	0.5454545454545454	0.6	0.6382978723404255	BT474
seismic_amplification	0.7656469345092773	0.67	representative	none	2	5	3	3	0.6	1.0	0.7499999999999999	0.6521739130434783	BT474
ecDNA	0.4839835464954376	0.67	representative	none	2	5	6	3	0.6	0.5	0.5454545454545454	0.5769230769230769	C4I
chromothripsis	0.5124875903129578	0.67	representative	none	8	6	14	4	0.6666666666666666	0.2857142857142857	0.4	0.5263157894736842	C4I
BFB	0.1972041130065918	0.67	representative	none	2	9	8	6	0.6666666666666666	0.75	0.7058823529411765	0.6818181818181819	C4I
seismic_amplification	0.7257527112960815	0.67	representative	none	2	5	3	3	0.6	1.0	0.7499999999999999	0.6521739130434783	C4I
ecDNA	0.4736096262931824	0.67	representative	none	4	5	7	3	0.6	0.4285714285714285	0.5	0.5555555555555556	CERV186
chromothripsis	0.6281840801239014	0.67	representative	none	2	6	4	2	0.3333333333333333	0.5	0.4	0.3571428571428571	CERV186
BFB	0.3387218117713928	0.67	representative	none	2	10	8	7	0.7	0.875	0.7777777777777777	0.7291666666666666	CERV186
seismic_amplification	0.8875846862792969	0.67	representative	none	2	5	3	3	0.6	1.0	0.7499999999999999	0.6521739130434783	CERV186
ecDNA	0.4295089244842529	0.67	representative	none	4	5	7	3	0.6	0.4285714285714285	0.5	0.5555555555555556	CERV196
chromothripsis	0.6377012133598328	0.67	representative	none	2	6	6	2	0.3333333333333333	0.3333333333333333	0.3333333333333333	0.3333333333333333	CERV196
BFB	0.5413755178451538	1.0	envelope	none	8	10	14	8	0.8	0.5714285714285714	0.6666666666666666	0.7407407407407408	CERV196
seismic_amplification	0.8822880983352661	0.67	representative	none	2	5	3	3	0.6	1.0	0.7499999999999999	0.6521739130434783	CERV196
ecDNA	0.4112603366374969	0.67	representative	none	4	5	7	3	0.6	0.4285714285714285	0.5	0.5555555555555556	CERV215
chromothripsis	0.6521559357643127	0.67	representative	none	1	6	3	2	0.3333333333333333	0.6666666666666666	0.4444444444444444	0.3703703703703703	CERV215
BFB	0.507796049118042	0.67	representative	none	4	10	12	7	0.7	0.5833333333333334	0.6363636363636365	0.6730769230769232	CERV215
seismic_amplification	0.8545535206794739	0.67	representative	none	2	5	3	3	0.6	1.0	0.7499999999999999	0.6521739130434783	CERV215
ecDNA	0.5372804999351501	0.67	representative	none	2	5	6	3	0.6	0.5	0.5454545454545454	0.5769230769230769	CFPAC1
chromothripsis	0.6788346171379089	0.67	representative	none	2	6	4	3	0.5	0.75	0.6	0.5357142857142857	CFPAC1
BFB	0.3672369122505188	1.0	representative	none	2	9	8	6	0.6666666666666666	0.75	0.7058823529411765	0.6818181818181819	CFPAC1
seismic_amplification	0.7968261241912842	0.67	representative	none	2	5	3	3	0.6	1.0	0.7499999999999999	0.6521739130434783	CFPAC1
ecDNA	0.6241904497146606	0.67	representative	none	1	5	2	2	0.4	1.0	0.5714285714285715	0.4545454545454545	CaSki
chromothripsis	0.4987888634204864	0.67	representative	none	1	6	4	2	0.3333333333333333	0.5	0.4	0.3571428571428571	CaSki
BFB	0.6257407069206238	1.0	envelope	none	4	10	14	8	0.8	0.5714285714285714	0.6666666666666666	0.7407407407407408	CaSki
seismic_amplification	0.8238127827644348	0.67	representative	none	2	5	3	3	0.6	1.0	0.7499999999999999	0.6521739130434783	CaSki
ecDNA	0.5812303423881531	0.67	representative	none	1	5	2	2	0.4	1.0	0.5714285714285715	0.4545454545454545	DOTC2
chromothripsis	0.6560230851173401	0.67	representative	none	2	6	5	2	0.3333333333333333	0.4	0.3636363636363636	0.3448275862068965	DOTC2
BFB	0.5662417411804199	1.0	envelope	none	8	10	14	8	0.8	0.5714285714285714	0.6666666666666666	0.7407407407407408	DOTC2
seismic_amplification	0.8853342533111572	0.67	representative	none	2	5	3	3	0.6	1.0	0.7499999999999999	0.6521739130434783	DOTC2
ecDNA	0.4986198246479034	0.67	representative	none	2	5	6	3	0.6	0.5	0.5454545454545454	0.5769230769230769	H1395
chromothripsis	0.6657198071479797	0.67	representative	none	4	7	7	3	0.4285714285714285	0.4285714285714285	0.4285714285714285	0.4285714285714285	H1395
BFB	0.3474612236022949	1.0	representative	none	2	10	8	7	0.7	0.875	0.7777777777777777	0.7291666666666666	H1395
seismic_amplification	0.7421198487281799	0.67	representative	none	2	5	3	3	0.6	1.0	0.7499999999999999	0.6521739130434783	H1395
ecDNA	0.5056722164154053	0.67	representative	none	2	5	6	3	0.6	0.5	0.5454545454545454	0.5769230769230769	H2009
chromothripsis	0.5672448873519897	0.67	representative	none	2	6	5	2	0.3333333333333333	0.4	0.3636363636363636	0.3448275862068965	H2009
BFB	0.2622371912002563	0.67	representative	none	2	9	8	6	0.6666666666666666	0.75	0.7058823529411765	0.6818181818181819	H2009
seismic_amplification	0.7579466700553894	0.67	representative	none	2	5	3	3	0.6	1.0	0.7499999999999999	0.6521739130434783	H2009
ecDNA	0.6155489087104797	0.67	representative	none	2	5	3	3	0.6	1.0	0.7499999999999999	0.6521739130434783	HCC1937
chromothripsis	0.6272216439247131	0.67	representative	none	2	5	3	2	0.4	0.6666666666666666	0.5	0.4347826086956521	HCC1937
BFB	0.6334142684936523	1.0	envelope	none	4	9	13	7	0.7777777777777778	0.5384615384615384	0.6363636363636364	0.7142857142857142	HCC1937
seismic_amplification	0.8520945906639099	0.67	representative	none	2	5	3	3	0.6	1.0	0.7499999999999999	0.6521739130434783	HCC1937
ecDNA	0.4879969656467438	0.67	representative	none	2	5	6	3	0.6	0.5	0.5454545454545454	0.5769230769230769	HCC1954
chromothripsis	0.7488544583320618	0.67	representative	none	2	6	3	2	0.3333333333333333	0.6666666666666666	0.4444444444444444	0.3703703703703703	HCC1954
BFB	0.2272004634141922	0.67	representative	none	2	9	8	6	0.6666666666666666	0.75	0.7058823529411765	0.6818181818181819	HCC1954
seismic_amplification	0.7843144536018372	0.67	representative	none	2	5	3	3	0.6	1.0	0.7499999999999999	0.6521739130434783	HCC1954
ecDNA	0.4875129163265228	0.67	representative	none	2	5	6	3	0.6	0.5	0.5454545454545454	0.5769230769230769	HOS
chromothripsis	0.6390383243560791	0.67	representative	none	8	6	14	4	0.6666666666666666	0.2857142857142857	0.4	0.5263157894736842	HOS
BFB	0.5864343643188477	1.5	representative	none	4	9	12	8	0.8888888888888888	0.6666666666666666	0.761904761904762	0.8333333333333333	HOS
seismic_amplification	0.7584728002548218	0.67	representative	none	2	5	3	3	0.6	1.0	0.7499999999999999	0.6521739130434783	HOS
ecDNA	0.5375247001647949	0.67	representative	none	2	5	6	3	0.6	0.5	0.5454545454545454	0.5769230769230769	HT3
chromothripsis	0.6461356282234192	0.67	representative	none	4	6	7	3	0.5	0.4285714285714285	0.4615384615384615	0.4838709677419354	HT3
BFB	0.5884031057357788	1.0	envelope	none	2	9	7	6	0.6666666666666666	0.8571428571428571	0.75	0.6976744186046512	HT3
seismic_amplification	0.7611352205276489	0.67	representative	none	2	5	3	3	0.6	1.0	0.7499999999999999	0.6521739130434783	HT3
ecDNA	0.5811620950698853	0.67	representative	none	2	5	4	3	0.6	0.75	0.6666666666666665	0.625	MDA_MD_361
chromothripsis	0.7290264964103699	0.67	representative	none	2	7	4	2	0.2857142857142857	0.5	0.3636363636363636	0.3125	MDA_MD_361
BFB	0.5423884987831116	0.67	representative	none	2	9	8	6	0.6666666666666666	0.75	0.7058823529411765	0.6818181818181819	MDA_MD_361
seismic_amplification	0.570080041885376	0.67	representative	none	8	7	10	6	0.8571428571428571	0.6	0.7058823529411764	0.7894736842105262	MDA_MD_361
ecDNA	0.4785052537918091	0.67	representative	none	2	5	6	3	0.6	0.5	0.5454545454545454	0.5769230769230769	MDA_MD_453
chromothripsis	0.6622350215911865	0.67	representative	none	4	7	7	4	0.5714285714285714	0.5714285714285714	0.5714285714285714	0.5714285714285714	MDA_MD_453
BFB	0.302451491355896	0.67	representative	none	2	10	8	7	0.7	0.875	0.7777777777777777	0.7291666666666666	MDA_MD_453
seismic_amplification	0.6883984804153442	0.67	representative	none	2	5	3	3	0.6	1.0	0.7499999999999999	0.6521739130434783	MDA_MD_453
ecDNA	0.7010087370872498	0.67	representative	none	1	5	2	2	0.4	1.0	0.5714285714285715	0.4545454545454545	MS751
chromothripsis	0.6348977088928223	0.67	representative	none	4	6	7	3	0.5	0.4285714285714285	0.4615384615384615	0.4838709677419354	MS751
BFB	0.6547523140907288	1.0	envelope	none	2	9	7	6	0.6666666666666666	0.8571428571428571	0.75	0.6976744186046512	MS751
seismic_amplification	0.7906039953231812	0.67	representative	none	2	5	3	3	0.6	1.0	0.7499999999999999	0.6521739130434783	MS751
ecDNA	0.5203080773353577	0.67	representative	none	2	5	6	3	0.6	0.5	0.5454545454545454	0.5769230769230769	OMC1
chromothripsis	0.6171667575836182	0.67	representative	none	2	6	4	3	0.5	0.75	0.6	0.5357142857142857	OMC1
BFB	0.2943123877048492	1.0	representative	none	2	9	8	5	0.5555555555555556	0.625	0.5882352941176471	0.5681818181818182	OMC1
seismic_amplification	0.7867487072944641	0.67	representative	none	2	5	3	3	0.6	1.0	0.7499999999999999	0.6521739130434783	OMC1
ecDNA	0.4133610725402832	1.0	envelope	containment	4	5	15	4	0.8	0.2666666666666666	0.4	0.5714285714285714	QGU
chromothripsis	0.6421007513999939	1.5	envelope	containment	8	6	13	4	0.6666666666666666	0.3076923076923077	0.4210526315789473	0.5405405405405406	QGU
BFB	0.4733799397945404	1.5	envelope	none	4	9	15	8	0.8888888888888888	0.5333333333333333	0.6666666666666667	0.7843137254901961	QGU
seismic_amplification	0.7411395311355591	0.67	representative	none	2	5	3	3	0.6	1.0	0.7499999999999999	0.6521739130434783	QGU
ecDNA	0.6230344772338867	0.67	representative	none	2	5	3	3	0.6	1.0	0.7499999999999999	0.6521739130434783	SCC090
chromothripsis	0.6585465669631958	0.67	representative	none	1	5	2	2	0.4	1.0	0.5714285714285715	0.4545454545454545	SCC090
BFB	0.6149247884750366	1.0	envelope	none	8	9	14	8	0.8888888888888888	0.5714285714285714	0.6956521739130435	0.7999999999999998	SCC090
seismic_amplification	0.8663128614425659	0.67	representative	none	2	5	3	3	0.6	1.0	0.7499999999999999	0.6521739130434783	SCC090
ecDNA	0.5254576206207275	0.67	representative	none	2	5	6	3	0.6	0.5	0.5454545454545454	0.5769230769230769	SCC152
chromothripsis	0.718636155128479	0.67	representative	none	2	7	3	2	0.2857142857142857	0.6666666666666666	0.4	0.3225806451612903	SCC152
BFB	0.2752164304256439	1.0	representative	none	2	10	8	7	0.7	0.875	0.7777777777777777	0.7291666666666666	SCC152
seismic_amplification	0.806883692741394	0.67	representative	none	2	5	3	3	0.6	1.0	0.7499999999999999	0.6521739130434783	SCC152
ecDNA	0.632775068283081	0.67	representative	none	2	5	2	2	0.4	1.0	0.5714285714285715	0.4545454545454545	SCC154
chromothripsis	0.6848998069763184	0.67	representative	none	2	5	3	2	0.4	0.6666666666666666	0.5	0.4347826086956521	SCC154
BFB	0.5176712274551392	1.0	envelope	none	8	9	14	7	0.7777777777777778	0.5	0.6086956521739131	0.7000000000000001	SCC154
seismic_amplification	0.8753644824028015	0.67	representative	none	2	5	3	3	0.6	1.0	0.7499999999999999	0.6521739130434783	SCC154
ecDNA	0.5688894987106323	0.67	representative	none	2	5	3	3	0.6	1.0	0.7499999999999999	0.6521739130434783	SIHA
chromothripsis	0.6673872470855713	0.67	representative	none	1	6	2	2	0.3333333333333333	1.0	0.5	0.3846153846153846	SIHA
BFB	0.5664286613464355	0.67	representative	none	4	10	13	8	0.8	0.6153846153846154	0.6956521739130435	0.7547169811320755	SIHA
seismic_amplification	0.8785262703895569	0.67	representative	none	2	5	3	3	0.6	1.0	0.7499999999999999	0.6521739130434783	SIHA
ecDNA	0.5590122938156128	0.67	representative	none	2	5	5	3	0.6	0.6	0.6	0.6	SKBR3
chromothripsis	0.5546258687973022	1.0	envelope	none	8	7	21	5	0.7142857142857143	0.238095238095238	0.3571428571428571	0.5102040816326532	SKBR3
BFB	0.4160260558128357	0.67	representative	none	2	10	8	6	0.6	0.75	0.6666666666666665	0.625	SKBR3
seismic_amplification	0.7500525116920471	0.67	representative	none	2	5	3	3	0.6	1.0	0.7499999999999999	0.6521739130434783	SKBR3
ecDNA	0.5180838704109192	0.67	representative	none	2	5	6	3	0.6	0.5	0.5454545454545454	0.5769230769230769	SNU1000
chromothripsis	0.6591693162918091	0.67	representative	none	4	6	7	4	0.6666666666666666	0.5714285714285714	0.6153846153846153	0.6451612903225806	SNU1000
BFB	0.6188467144966125	0.67	representative	none	2	9	7	6	0.6666666666666666	0.8571428571428571	0.75	0.6976744186046512	SNU1000
seismic_amplification	0.7811529040336609	0.67	representative	none	2	5	3	3	0.6	1.0	0.7499999999999999	0.6521739130434783	SNU1000
ecDNA	0.4647297263145447	0.67	representative	none	2	5	6	3	0.6	0.5	0.5454545454545454	0.5769230769230769	SNU1005
chromothripsis	0.6521210670471191	0.67	representative	none	4	6	6	3	0.5	0.5	0.5	0.5	SNU1005
BFB	0.3598832488059997	1.0	representative	none	2	9	8	5	0.5555555555555556	0.625	0.5882352941176471	0.5681818181818182	SNU1005
seismic_amplification	0.7857097387313843	0.67	representative	none	2	5	3	3	0.6	1.0	0.7499999999999999	0.6521739130434783	SNU1005
ecDNA	0.4854300320148468	0.67	representative	none	2	5	6	3	0.6	0.5	0.5454545454545454	0.5769230769230769	SNU1245
chromothripsis	0.5708035826683044	0.67	representative	none	12	6	25	5	0.8333333333333334	0.2	0.3225806451612903	0.5102040816326531	SNU1245
BFB	0.5323213934898376	0.67	representative	none	2	9	7	6	0.6666666666666666	0.8571428571428571	0.75	0.6976744186046512	SNU1245
seismic_amplification	0.7884353399276733	0.67	representative	none	2	5	3	3	0.6	1.0	0.7499999999999999	0.6521739130434783	SNU1245
ecDNA	0.4904518723487854	0.67	representative	none	2	5	6	3	0.6	0.5	0.5454545454545454	0.5769230769230769	SNU1299
chromothripsis	0.6974865198135376	0.67	representative	none	4	7	7	3	0.4285714285714285	0.4285714285714285	0.4285714285714285	0.4285714285714285	SNU1299
BFB	0.2914891541004181	1.0	representative	none	2	10	8	7	0.7	0.875	0.7777777777777777	0.7291666666666666	SNU1299
seismic_amplification	0.7821382284164429	0.67	representative	none	2	5	3	3	0.6	1.0	0.7499999999999999	0.6521739130434783	SNU1299
ecDNA	0.4568212628364563	0.67	representative	none	2	5	6	3	0.6	0.5	0.5454545454545454	0.5769230769230769	SNU17
chromothripsis	0.7954539060592651	0.67	representative	none	2	6	3	2	0.3333333333333333	0.6666666666666666	0.4444444444444444	0.3703703703703703	SNU17
BFB	0.5395427942276001	1.0	representative	containment	4	9	11	7	0.7777777777777778	0.6363636363636364	0.7000000000000001	0.7446808510638298	SNU17
seismic_amplification	0.7341535687446594	0.67	representative	none	2	5	3	3	0.6	1.0	0.7499999999999999	0.6521739130434783	SNU17
ecDNA	0.502959668636322	0.67	representative	none	2	5	7	3	0.6	0.4285714285714285	0.5	0.5555555555555556	SNU682
chromothripsis	0.6658245921134949	0.67	representative	none	2	6	4	2	0.3333333333333333	0.5	0.4	0.3571428571428571	SNU682
BFB	0.3178741931915283	0.67	representative	none	2	9	8	6	0.6666666666666666	0.75	0.7058823529411765	0.6818181818181819	SNU682
seismic_amplification	0.7434821128845215	0.67	representative	none	2	5	3	3	0.6	1.0	0.7499999999999999	0.6521739130434783	SNU682
ecDNA	0.4361090362071991	1.0	representative	none	2	5	8	3	0.6	0.375	0.4615384615384615	0.5357142857142857	SNU703
chromothripsis	0.7482689023017883	0.67	representative	none	2	7	4	2	0.2857142857142857	0.5	0.3636363636363636	0.3125	SNU703
BFB	0.2880496084690094	1.0	representative	none	2	9	10	7	0.7777777777777778	0.7	0.7368421052631577	0.7608695652173914	SNU703
seismic_amplification	0.6119287014007568	0.67	representative	none	2	5	4	3	0.6	0.75	0.6666666666666665	0.625	SNU703
ecDNA	0.4856431782245636	0.67	representative	none	2	5	5	3	0.6	0.6	0.6	0.6	SNU778
chromothripsis	0.6518392562866211	0.67	representative	none	1	6	3	2	0.3333333333333333	0.6666666666666666	0.4444444444444444	0.3703703703703703	SNU778
BFB	0.7057955265045166	0.67	representative	none	2	10	6	5	0.5	0.8333333333333334	0.625	0.5434782608695652	SNU778
seismic_amplification	0.8858485817909241	0.67	representative	none	2	5	3	3	0.6	1.0	0.7499999999999999	0.6521739130434783	SNU778
ecDNA	0.5045630931854248	0.67	representative	none	2	5	6	3	0.6	0.5	0.5454545454545454	0.5769230769230769	SNU902
chromothripsis	0.6546570658683777	0.67	representative	none	1	5	2	2	0.4	1.0	0.5714285714285715	0.4545454545454545	SNU902
BFB	0.3455687463283539	1.0	representative	none	2	9	8	6	0.6666666666666666	0.75	0.7058823529411765	0.6818181818181819	SNU902
seismic_amplification	0.8921543955802917	0.67	representative	none	2	5	3	3	0.6	1.0	0.7499999999999999	0.6521739130434783	SNU902
ecDNA	0.5160508751869202	0.67	representative	none	2	5	6	3	0.6	0.5	0.5454545454545454	0.5769230769230769	SUIT
chromothripsis	0.6083438396453857	0.67	representative	none	4	7	10	3	0.4285714285714285	0.3	0.3529411764705882	0.3947368421052631	SUIT
BFB	0.2305960357189178	0.67	representative	none	2	10	8	7	0.7	0.875	0.7777777777777777	0.7291666666666666	SUIT
seismic_amplification	0.7773845195770264	0.67	representative	none	2	5	3	3	0.6	1.0	0.7499999999999999	0.6521739130434783	SUIT
ecDNA	0.4565061032772064	0.67	representative	none	2	5	6	3	0.6	0.5	0.5454545454545454	0.5769230769230769	ScaBER
chromothripsis	0.7371640205383301	0.67	representative	none	2	6	3	2	0.3333333333333333	0.6666666666666666	0.4444444444444444	0.3703703703703703	ScaBER
BFB	0.2618427276611328	1.0	representative	none	2	9	8	6	0.6666666666666666	0.75	0.7058823529411765	0.6818181818181819	ScaBER
seismic_amplification	0.7246264815330505	0.67	representative	none	2	5	3	3	0.6	1.0	0.7499999999999999	0.6521739130434783	ScaBER
ecDNA	0.5026589035987854	0.67	representative	none	2	5	6	3	0.6	0.5	0.5454545454545454	0.5769230769230769	ZR7530
chromothripsis	0.6468291282653809	0.67	representative	none	4	6	7	4	0.6666666666666666	0.5714285714285714	0.6153846153846153	0.6451612903225806	ZR7530
BFB	0.2950685620307922	1.0	representative	none	2	9	8	6	0.6666666666666666	0.75	0.7058823529411765	0.6818181818181819	ZR7530
seismic_amplification	0.7093020677566528	0.67	representative	none	2	5	3	3	0.6	1.0	0.7499999999999999	0.6521739130434783	ZR7530
