sample_id	chrom	arm	start	end	arm_start	arm_end	shatterseek_start	shatterseek_end	confidence	chromothripsis_class	oscillating_cn_fraction	intra_SVs	pass_pval_fragment_joins	pass_chr_breakpoint_enrichment	pass_pval_exp_cluster	pass_enrichment_or_exp_cluster	pass_intra_svs	pass_intra_svs_3	pass_intra_svs_6	pass_number_TRA	pass_high_osc2	pass_low_osc2	pass_high_criteria_intrachrom	pass_high_criteria_intrachrom_interchrom	pass_low_criteria	number_DEL	number_DUP	number_h2hINV	number_t2tINV	number_TRA	clusterSize_including_TRA	number_SVs_sample	number_CNV_segments	pval_fragment_joins	chr_breakpoint_enrichment	pval_exp_chr	pval_exp_cluster	max_number_oscillating_CN_segments_2_states	max_number_oscillating_CN_segments_3_states	number_CN_segments_chr	max_number_oscillating_CN_segments_2_states_chr	max_number_oscillating_CN_segments_3_states_chr	inter_number_DEL	inter_number_h2hINV	inter_number_t2tINV	inter_number_DUP	inter_pval_fragment_joins	inter_other_chroms	inter_other_chroms_coords_all
AU565	10	q	39686683	71714103	39686683	133797422	28420677	71714103	HIGH	noncanonical	0.310344827586207	8	True	True	True	True	True	True	True	False	True	False	True	False	False	2	2	1	3	2	10	753	29	0.572406704470879	0.001876983059596		2.2204460492503099e-16	9	9	30	10	10	0	0	0	0			 
AU565	20	p	232508	26436232	1	26436232	232508	58962673	HIGH	noncanonical	0.10958904109589	76	True	False	True	True	True	True	True	False	True	False	True	False	False	17	21	19	19	0	76	753	73	0.935859987648036			8.7694312629565e-124	8	8	72	8	8	0	0	0	0			 
C4I	18	p	4677817	15460899	1	15460899	4677817	21827149	LOW	noncanonical	0.5	8	True	True	True	True	True	True	True	False	False	True	False	False	True	2	3	2	1	1	9	221	12	0.747679587287715	0.0260252044544751		0.0	6	7	11	6	7	0	0	0	0			 
CERV186	17	p	425281	22813679	1	22813679	425281	81220620	HIGH	noncanonical	0.583333333333333	11	True	True	True	True	True	True	True	True	True	False	True	True	False	7	2	1	1	4	15	221	12	0.0858010874001229	5.28228655070938e-07		6.78901520556607e-08	7	12	11	7	13	3	4	3	2	0.881014842513785	19	19:4840297-5469877;
CFPAC1	11	q	51078349	134475140	51078349	135086622	45868883	134475140	HIGH	noncanonical	0.108433734939759	79	True	True	True	True	True	True	True	False	True	False	True	False	False	17	16	24	22	2	81	293	83	0.492257225704428	0.0019133285212856		2.12224630749258e-139	9	11	81	9	11	0	0	0	0			 
CaSki	3	p	14765313	90772458	1	90772458	14765313	186374094	LOW	noncanonical	0.307692307692308	13	True	True	True	True	True	True	True	True	False	True	False	False	True	8	3	2	0	5	18	238	13	0.0508347158060093	1.0913827727769e-06		3.33066907387547e-16	4	8	13	4	9	0	0	0	0			 
CaSki	3	q	90772459	186374094	90772459	198295559	14765313	186374094	LOW	noncanonical	0.307692307692308	13	True	True	True	True	True	True	True	True	False	True	False	False	True	8	3	2	0	5	18	238	13	0.0508347158060093	1.0913827727769e-06		3.33066907387547e-16	4	8	13	4	9	0	0	0	0			 
DOTC2	1	q	122026460	245882563	122026460	248956422	57052644	245882563	LOW	noncanonical	0.114285714285714	17	True	True	True	True	True	True	True	True	False	True	False	False	True	3	4	4	6	14	31	928	35	0.59273340688335	4.89418863963854e-16	0.0	8.881784197001249e-16	4	5	41	4	5	1417	58	38	50	0.0	11_9_X	11:1599080-120803043;9:121607381-121651531 X:4603755-150806119;
HOS	X	p	473752	58605579	1	58605579	473752	129095247	LOW	noncanonical	0.5	20	True	False	True	True	True	True	True	False	False	True	False	False	True	8	6	3	3	1	21	377	12	0.266652250031708	0.0505266917438335		0.0	6	6	10	6	6	0	0	0	0			 
MDA_MD_361	1	q	122026460	246642866	122026460	248956422	10974154	246642866	LOW	canonical	0.75	16	True	True	True	True	True	True	True	True	False	True	False	False	True	9	5	0	2	7	23	628	8	0.171797144296733	2.21228132018479e-08	1.11022302462516e-16	7.771561172376101e-16	6	6	6	6	6	4	4	3	5	0.918891411654676	12	12:61075541-105505912;
MDA_MD_361	2	q	140960389	192115393	92188146	242193529	140960389	192115393	HIGH	noncanonical	0.5	8	True	False	True	True	True	True	True	False	True	False	True	False	False	2	3	2	1	1	9	628	16	0.953642173096255	0.0784232734767011		0.0	8	10	17	8	10	0	0	0	0			 
MDA_MD_361	6	p	1637832	58553888	1	58553888	1637832	87960513	HIGH	noncanonical	0.3125	27	True	True	True	True	True	True	True	True	True	False	True	True	False	5	9	8	5	24	51	628	32	0.584705059420428	6.71200075983261e-31	0.0	3.83413901363938e-59	10	12	37	13	15	14	15	13	18	0.81737715860741	11_12_2	11:54645240-59391911;12:61075541-105505912 2:140960389-192115393;
MDA_MD_361	12	q	61075541	105505912	34769408	133275309	61075541	105505912	LOW	noncanonical	0.192307692307692	13	True	True	True	True	True	True	True	True	False	True	False	False	True	3	4	4	2	4	17	628	26	0.885579767911631	3.46839471831802e-06		1.75130215253934e-26	5	10	32	6	10	208	13	21	45	3.86769886470308e-76	1	1:10974154-246642866;
MDA_MD_453	3	q	90772459	197670953	90772459	198295559	40729653	197670953	HIGH	canonical	0.636363636363636	8	True	True	True	True	True	True	True	True	True	False	True	True	False	1	3	2	2	5	13	425	11	0.441536104683752	1.0913827727769e-06		0.0	7	7	11	7	7	2	9	8	9	0.182561744886931	X	X:47202285-54945261;
MDA_MD_453	5	q	46485901	180693943	46485901	181538259	7564049	180693943	HIGH	canonical	0.692307692307692	13	True	True	True	True	True	True	True	True	True	False	True	True	False	6	6	1	0	5	18	425	13	0.111610225094713	7.01864029388073e-07		3.33066907387547e-16	9	9	13	9	9	0	0	0	0			 
MDA_MD_453	11	q	51078349	98865981	51078349	135086622	12100507	98865981	HIGH	noncanonical	0.123287671232877	41	True	True	True	True	True	True	True	True	True	False	True	True	False	14	7	9	11	10	51	425	73	0.385618320118004	2.5641753867034602e-14	8.854494915055969e-11	3.33066907387547e-16	9	13	85	9	13	5	9	11	8	0.517765762262726	17	17:39541413-82664462;
MS751	11	p	13827104	51078348	1	51078348	13827104	130119261	LOW	noncanonical	0.25	16	True	True	True	True	True	True	True	True	False	True	False	False	True	6	4	4	2	5	21	258	16	0.824278502321693	1.60130427673927e-07		0.0	4	4	15	4	4	5	1	1	1	0.111610225094713	13	13:18840746-18849238;
MS751	21	q	23871053	42607895	10864561	46709983	23871053	42607895	LOW	noncanonical	0.210526315789474	8	True	True	True	True	True	True	True	True	False	True	False	False	True	1	4	1	2	5	13	258	19	0.838398724164464	7.91517827178524e-10		0.0	4	5	23	4	5	132	13	12	42	1.38636183006082e-41	19	19:1187381-53370554;
OMC1	19	p	2026826	24498980	1	24498980	2026826	58534700	LOW	canonical	0.666666666666667	10	True	True	True	True	True	True	True	True	False	True	False	False	True	7	2	0	1	5	15	172	6	0.0858010874001229	2.46350196155161e-09		3.33066907387547e-16	4	4	5	4	4	3	3	1	1	0.572406704470879	7	7:66528414-74565542;
QGU	2	q	92188146	234017520	92188146	242193529	91974911	234017520	HIGH	noncanonical	0.41025641025641	41	True	False	True	True	True	True	True	False	True	False	True	False	False	14	9	7	11	3	44	331	39	0.500439594559348	0.552487941253179		9.992007221626409e-16	16	22	43	17	24	0	0	0	0			 
QGU	12	q	34769408	124999920	34769408	133275309	6949818	124999920	LOW	canonical	1.0	8	True	False	True	True	True	True	True	False	False	True	False	False	True	3	3	1	1	0	8	331	6	0.572406704470879	0.691032764153852		8.00886024165948e-10	6	6	6	6	6	0	0	0	0			 
SKBR3	20	p	232508	26436232	1	26436232	232508	58962673	HIGH	noncanonical	0.11864406779661	68	True	True	True	True	True	True	True	False	True	False	True	False	False	15	19	17	17	1	69	643	59	0.863963724841932	0.0208672896979803		2.67532378077073e-110	7	13	58	7	13	0	0	0	0			 
SNU1000	19	p	2400267	24498980	1	24498980	2400267	53598947	LOW	noncanonical	0.571428571428571	7	True	True	True	True	True	True	True	True	False	True	False	False	True	4	1	1	1	4	11	143	7	0.483561771294745	1.29790327991105e-07		2.89768209427166e-13	4	4	5	4	4	69	11	9	30	7.938701527005851e-17	8	8:2968924-140775499;
SNU1005	14	q	22983503	105234054	16000001	107043718	22983503	105234054	LOW	noncanonical	0.363636363636364	10	True	True	True	True	True	True	True	True	False	True	False	False	True	7	2	1	0	9	19	314	11	0.157014709937969	7.220920201235761e-14	4.44089209850063e-16	4.44089209850063e-16	4	4	11	4	4	163	29	31	41	3.14472189428723e-41	1_11_5_X	1:1416770-235410052;11:9830851-23927495 5:1645477-55347509;X:73689574-88046642 
SNU902	10	p	5593438	39686682	1	39686682	5593438	96965282	LOW	canonical	0.666666666666667	6	True	True	True	True	True	True	True	False	False	True	False	False	True	2	1	2	1	1	7	181	9	0.665885409272699	3.5230654060106e-06		0.0082264257346697	6	8	10	7	9	70	11	7	58	2.50873026885263e-18	20	20:4798541-63245553;
ScaBER	9	p	13656598	38179501	1	43389635	13656598	38179501	LOW	noncanonical	0.444444444444444	8	True	False	True	True	True	True	True	False	False	True	False	False	True	3	1	2	2	1	9	285	9	0.549668182603776	0.724188669980463		0.0	4	7	11	4	9	0	0	0	0			 
SIHA	5	q	46485901	175032070	46485901	181538259	31664712	175032070	LOW	noncanonical	0.307692307692308	8	True	False	True	True	True	True	True	False	False	True	False	False	True	1	3	2	2	1	9	552	13	0.747679587287715	0.0587828444088661		0.0	4	6	16	4	6	0	0	0	0			 
SIHA	15	q	20376581	100267333	17083674	101991189	20376581	100267333	LOW	canonical	0.666666666666667	14	True	True	True	True	True	True	True	False	False	True	False	False	True	7	4	2	1	3	17	552	9	0.120518769642965	3.60192990565946e-05		2.87325205807467e-27	6	6	7	6	6	13	15	14	8	0.508700269525265	14	14:43432015-43435845;
HT3	2	p	4885699	92188145	1	92188145	4885699	201451222	HIGH	noncanonical	0.541666666666667	13	True	True	True	True	True	True	True	True	True	False	True	True	False	2	5	4	2	6	19	337	24	0.70060738237263	2.32632183881005e-07	0.0	8.881784197001249e-16	13	13	23	13	13	4	3	6	2	0.506165219093909	X	X:69902816-69937371;
HT3	4	q	147311641	160025632	49712062	190214555	147311641	160025632	LOW	noncanonical	0.285714285714286	17	True	False	True	True	True	True	True	False	False	True	False	False	True	4	6	3	4	0	17	337	21	0.7728158119223	0.530036799168465		5.87496422342161e-30	6	14	30	6	14	0	0	0	0			 
SW756	8	q	82045980	144388696	44033745	145138636	82045980	144388696	LOW	canonical	0.666666666666667	9	True	True	True	True	True	True	True	False	False	True	False	False	True	4	3	1	1	1	10	405	6	0.308022171558993	0.0469964948694536		2.2204460492503099e-16	4	4	7	4	4	0	0	0	0			 
SNU17	4	p	1065666	49712061	1	49712061	1065666	189337402	HIGH	noncanonical	0.162790697674419	34	True	True	True	True	True	True	True	False	True	False	True	False	False	4	9	12	9	2	36	214	43	0.261464129949111	0.003793607131512		0.0	7	7	41	7	7	0	0	0	0			 
SNU17	4	q	49712062	189337402	49712062	190214555	1065666	189337402	HIGH	noncanonical	0.162790697674419	34	True	True	True	True	True	True	True	False	True	False	True	False	False	4	9	12	9	2	36	214	43	0.261464129949111	0.003793607131512		0.0	7	7	41	7	7	0	0	0	0			 
SNU1245	5	p	1140623	46485900	1	46485900	1140623	180302292	LOW	noncanonical	0.555555555555556	15	True	False	True	True	True	True	True	False	False	True	False	False	True	8	3	2	2	0	15	173	9	0.0858010874001229			2.17261343859535e-20	5	5	7	5	5	0	0	0	0			 
SNU1245	5	q	46485901	180302292	46485901	181538259	1140623	180302292	LOW	noncanonical	0.555555555555556	15	True	False	True	True	True	True	True	False	False	True	False	False	True	8	3	2	2	0	15	173	9	0.0858010874001229			2.17261343859535e-20	5	5	7	5	5	0	0	0	0			 
H1395	3	p	62945799	85636034	1	90772458	62945799	85636034	HIGH	canonical	0.615384615384615	14	True	False	True	True	True	True	True	False	True	False	True	False	False	4	6	2	2	0	14	1009	26	0.370119534579836	1.0		1.11022302462516e-15	16	26	44	17	28	0	0	0	0			 
H1437	8	p	6008888	44033744	1	44033744	6008888	127869979	LOW	noncanonical	0.222222222222222	9	True	True	True	True	True	True	True	True	False	True	False	False	True	4	3	1	1	5	14	242	18	0.370119534579836	2.29259500160033e-07		4.44089209850063e-16	4	5	17	4	5	0	0	0	0			 
H2009	1	p	45850147	122026459	1	122026459	45850147	191009373	HIGH	noncanonical	0.272727272727273	23	True	True	True	True	True	True	True	True	True	False	True	True	False	7	6	6	4	10	33	401	44	0.992905591531981	1.1589311768683599e-11	0.0	1.88737914186277e-15	12	12	48	14	14	0	0	0	0			 
H2009	1	q	122026460	191009373	122026460	248956422	45850147	191009373	HIGH	noncanonical	0.272727272727273	23	True	True	True	True	True	True	True	True	True	False	True	True	False	7	6	6	4	10	33	401	44	0.992905591531981	1.1589311768683599e-11	0.0	1.88737914186277e-15	12	12	48	14	14	0	0	0	0			 
H2009	3	q	90772459	145984473	90772459	198295559	85180454	145984473	LOW	noncanonical	0.6	14	True	True	True	True	True	True	True	False	False	True	False	False	True	3	4	4	3	2	16	401	10	0.918891411654676	0.0041227864280402		1.75130215254193e-26	6	6	15	7	7	2	4	5	3	0.698851307692484	6	6:100671853-101591470;
HCC1937	14	q	21675556	98441206	16000001	107043718	21675556	98441206	LOW	canonical	0.625	11	True	True	True	True	True	True	True	False	False	True	False	False	True	6	4	1	0	2	13	640	8	0.0546666817693522	0.0012013989066006		0.0	5	8	7	5	8	0	0	0	0			 
HCC1954	9	q	43389636	127156923	43389636	138394717	1919565	127156923	LOW	noncanonical	0.151515151515152	6	True	True	True	True	True	True	True	True	False	True	False	False	True	3	2	1	0	15	21	1050	33	0.164954709527222	5.9024068652793204e-21	2.00233274405548e-10	2.337864003523e-07	5	5	36	5	5	396	101	107	153	7.870270678979261e-67	12_20_22	12:20023596-98981193;20:144298-63942260 22:15881658-47886952;
