candidate_id	sample_id	chrom	arm	start_bp	end_bp	context_start_bp	context_end_bp	highlight_start_bp	highlight_end_bp	highlight_label	predicted_class	predicted_classes	called_complex_sv	is_labeled	sv_class	true_classes	evidence	split	score	objectness_prob	score_text	false_positive_type	fp_rank
SCC152:chr9:C13	SCC152	chr9		0	138394717	0	138394717	38000001	138394717	Localization-model predicted interval	BFB	BFB	True	True	ecDNA	ecDNA	localized_event	LOO	0.8953044414520264	0.8953044414520264	LOO score=0.895; class FP rank=1; type=no same-class overlap; best same-class OC=0.000	no same-class overlap	1
HCC1954:chr17:C36	HCC1954	chr17	q	28000000	83257441	28000000	83257441	39538029	39893884	Localization-model predicted interval	BFB	BFB	True	False			localized_event	LOO	0.891945481300354	0.891945481300354	LOO score=0.892; class FP rank=2; type=no same-class overlap; best same-class OC=0.000	no same-class overlap	2
ZR7530:chr8:C9	ZR7530	chr8	q	47000000	145138636	47000000	145138636	119509427	121519589	Localization-model predicted interval	BFB	BFB	True	True	seismic_amplification	seismic_amplification	localized_event	LOO	0.8871915340423584	0.8871915340423584	LOO score=0.887; class FP rank=3; type=no same-class overlap; best same-class OC=0.000	no same-class overlap	3
SUIT:chr8:C14	SUIT	chr8	p	0	43000000	0	43000000	24222536	32857650	Localization-model predicted interval	BFB	BFB	True	True	BFB	BFB	localized_event	LOO	0.886263370513916	0.886263370513916	LOO score=0.886; class FP rank=4; type=subthreshold geometry; best same-class OC=0.045	subthreshold geometry	4
BT474:chr12:C28	BT474	chr12	q	38000000	133275309	38000000	133275309	79926189	82017130	Localization-model predicted interval	BFB	BFB	True	False			localized_event	LOO	0.8753490447998047	0.8753490447998047	LOO score=0.875; class FP rank=5; type=no same-class overlap; best same-class OC=0.000	no same-class overlap	5
ZR7530:chr17:C9	ZR7530	chr17	q	28000000	83257441	28000000	83257441	28000001	83257441	Localization-model predicted interval	BFB	BFB	True	True	seismic_amplification	seismic_amplification	localized_event	LOO	0.8720176815986633	0.8720176815986633	LOO score=0.872; class FP rank=6; type=no same-class overlap; best same-class OC=0.000	no same-class overlap	6
SKBR3:chr10:C14	SKBR3	chr10	q	42000000	133797422	42000000	133797422	52126557	93246512	Localization-model predicted interval	BFB	BFB	True	False			localized_event	LOO	0.8468877077102661	0.8468877077102661	LOO score=0.847; class FP rank=7; type=no same-class overlap; best same-class OC=0.000	no same-class overlap	7
CERV186:chr1:C3	CERV186	chr1		0	248956422	0	248956422	124283415	125627437	Localization-model predicted interval	BFB	BFB	True	False			localized_event	LOO	0.822475254535675	0.822475254535675	LOO score=0.822; class FP rank=8; type=no same-class overlap; best same-class OC=0.000	no same-class overlap	8
SNU682:chr18:C32	SNU682	chr18	q	22000000	80373285	22000000	80373285	74232562	75572775	Localization-model predicted interval	BFB	BFB	True	False			localized_event	LOO	0.8077045679092407	0.8077045679092407	LOO score=0.808; class FP rank=9; type=no same-class overlap; best same-class OC=0.000	no same-class overlap	9
MS751:chr16:C26	MS751	chr16	q	46000000	90338345	46000000	90338345	46000001	46493880	Localization-model predicted interval	BFB	BFB	True	False			localized_event	LOO	0.8022956252098083	0.8022956252098083	LOO score=0.802; class FP rank=10; type=no same-class overlap; best same-class OC=0.000	no same-class overlap	10
MDA_MD_361:chr16:C19	MDA_MD_361	chr16	q	46000000	90338345	46000000	90338345	53315828	83022518	Localization-model predicted interval	chromothripsis	chromothripsis	True	False			localized_event	LOO	0.8029587268829346	0.8029587268829346	LOO score=0.803; class FP rank=1; type=no same-class overlap; best same-class OC=0.000	no same-class overlap	1
HOS:chr6:C10	HOS	chr6	p	0	58000000	0	58000000	48857903	50199060	Localization-model predicted interval	chromothripsis	chromothripsis	True	False			localized_event	LOO	0.7722715139389038	0.7722715139389038	LOO score=0.772; class FP rank=2; type=no same-class overlap; best same-class OC=0.000	no same-class overlap	2
HCC1954:chr21:C42	HCC1954	chr21	q	13000000	46709983	13000000	46709983	18562148	41147836	Localization-model predicted interval	chromothripsis	chromothripsis	True	True	seismic_amplification	seismic_amplification	localized_event	LOO	0.766129732131958	0.766129732131958	LOO score=0.766; class FP rank=3; type=no same-class overlap; best same-class OC=0.000	no same-class overlap	3
HOS:chr7:C14	HOS	chr7	q	63000000	159345973	63000000	159345973	78897087	143448887	Localization-model predicted interval	chromothripsis	chromothripsis	True	False			localized_event	LOO	0.7620754241943359	0.7620754241943359	LOO score=0.762; class FP rank=4; type=no same-class overlap; best same-class OC=0.000	no same-class overlap	4
SNU1299:chr12:C15	SNU1299	chr12	q	38000000	133275309	38000000	133275309	101163797	102519712	Localization-model predicted interval	chromothripsis	chromothripsis	True	False			localized_event	LOO	0.7425681948661804	0.7425681948661804	LOO score=0.743; class FP rank=5; type=no same-class overlap; best same-class OC=0.000	no same-class overlap	5
QGU:chr2:C3	QGU	chr2		0	242193529	0	242193529	59451619	242193529	Localization-model predicted interval	chromothripsis	chromothripsis	True	False			localized_event	LOO	0.738959550857544	0.738959550857544	LOO score=0.739; class FP rank=6; type=no same-class overlap; best same-class OC=0.000	no same-class overlap	6
DOTC2:chr20:C41	DOTC2	chr20	p	0	25000000	0	25000000	20858096	24181539	Localization-model predicted interval	chromothripsis	chromothripsis	True	False			localized_event	LOO	0.7366859316825867	0.7366859316825867	LOO score=0.737; class FP rank=7; type=no same-class overlap; best same-class OC=0.000	no same-class overlap	7
H2009:chr18:C27	H2009	chr18	q	22000000	80373285	22000000	80373285	42444471	43793358	Localization-model predicted interval	chromothripsis	chromothripsis	True	False			localized_event	LOO	0.732354998588562	0.732354998588562	LOO score=0.732; class FP rank=8; type=no same-class overlap; best same-class OC=0.000	no same-class overlap	8
AU565:chr3:C4	AU565	chr3	q	94000000	198295559	94000000	198295559	115744301	181983035	Localization-model predicted interval	chromothripsis	chromothripsis	True	False			localized_event	LOO	0.7281679511070251	0.7281679511070251	LOO score=0.728; class FP rank=9; type=no same-class overlap; best same-class OC=0.000	no same-class overlap	9
CERV215:chr8:C10	CERV215	chr8	p	0	43000000	0	43000000	38206010	39546884	Localization-model predicted interval	chromothripsis	chromothripsis	True	False			localized_event	LOO	0.7210384607315063	0.7210384607315063	LOO score=0.721; class FP rank=10; type=no same-class overlap; best same-class OC=0.000	no same-class overlap	10
BT474:chr15:C33	BT474	chr15	q	21000000	101991189	21000000	101991189	23387297	25389548	Localization-model predicted interval	ecDNA	ecDNA	True	True	BFB	BFB	localized_event	LOO	0.8787134289741516	0.8787134289741516	LOO score=0.879; class FP rank=1; type=no same-class overlap; best same-class OC=0.000	no same-class overlap	1
AU565:chr8:C15	AU565	chr8	q	47000000	145138636	47000000	145138636	48390823	49730829	Localization-model predicted interval	ecDNA	ecDNA	True	True	BFB;seismic_amplification	BFB;seismic_amplification	localized_event	LOO	0.7314596772193909	0.7314596772193909	LOO score=0.731; class FP rank=2; type=no same-class overlap; best same-class OC=0.000	no same-class overlap	2
SNU1000:chr11:C15	SNU1000	chr11	q	55000000	135086622	55000000	135086622	100738051	102483722	Localization-model predicted interval	ecDNA	ecDNA	True	True	BFB	BFB	localized_event	LOO	0.7158772945404053	0.7158772945404053	LOO score=0.716; class FP rank=3; type=no same-class overlap; best same-class OC=0.000	no same-class overlap	3
BT474:chr17:C35	BT474	chr17	q	28000000	83257441	28000000	83257441	48292659	61866411	Localization-model predicted interval	ecDNA	ecDNA	True	True	BFB	BFB	localized_event	LOO	0.707768976688385	0.707768976688385	LOO score=0.708; class FP rank=4; type=no same-class overlap; best same-class OC=0.000	no same-class overlap	4
SNU1299:chr11:C14	SNU1299	chr11	q	55000000	135086622	55000000	135086622	103181026	104533315	Localization-model predicted interval	ecDNA	ecDNA	True	True	BFB	BFB	localized_event	LOO	0.6932487487792969	0.6932487487792969	LOO score=0.693; class FP rank=5; type=no same-class overlap; best same-class OC=0.000	no same-class overlap	5
MDA_MD_361:chr14:C24	MDA_MD_361	chr14	q	20000000	107043718	20000000	107043718	34362214	92681505	Localization-model predicted interval	ecDNA	ecDNA	True	False			localized_event	LOO	0.6799390912055969	0.6799390912055969	LOO score=0.680; class FP rank=6; type=no same-class overlap; best same-class OC=0.000	no same-class overlap	6
CaSki:chr11:C20	CaSki	chr11	q	55000000	135086622	55000000	135086622	99765139	104283561	Localization-model predicted interval	ecDNA	ecDNA	True	True	BFB	BFB	localized_event	LOO	0.6517549753189087	0.6517549753189087	LOO score=0.652; class FP rank=7; type=no same-class overlap; best same-class OC=0.000	no same-class overlap	7
SUIT:chr8:C14	SUIT	chr8	p	0	43000000	0	43000000	32089772	33430573	Localization-model predicted interval	ecDNA	ecDNA	True	True	BFB	BFB	localized_event	LOO	0.6395761370658875	0.6395761370658875	LOO score=0.640; class FP rank=8; type=no same-class overlap; best same-class OC=0.000	no same-class overlap	8
HCC1954:chr17:C36	HCC1954	chr17	q	28000000	83257441	28000000	83257441	39538029	39893884	Localization-model predicted interval	ecDNA	ecDNA	True	False			localized_event	LOO	0.6133511662483215	0.6133511662483215	LOO score=0.613; class FP rank=9; type=no same-class overlap; best same-class OC=0.000	no same-class overlap	9
C4I:chr16:C20	C4I	chr16	q	46000000	90338345	46000000	90338345	46075146	46380282	Localization-model predicted interval	ecDNA	ecDNA	True	False			localized_event	LOO	0.6079831719398499	0.6079831719398499	LOO score=0.608; class FP rank=10; type=no same-class overlap; best same-class OC=0.000	no same-class overlap	10
BT474:chr17:C35	BT474	chr17	q	28000000	83257441	28000000	83257441	66098421	70831553	Localization-model predicted interval	seismic_amplification	seismic_amplification	True	True	BFB	BFB	localized_event	LOO	0.9164005517959596	0.9164005517959596	LOO score=0.916; class FP rank=1; type=no same-class overlap; best same-class OC=0.000	no same-class overlap	1
BT474:chr4:C2	BT474	chr4	q	52000000	190214555	52000000	190214555	74954581	168164087	Localization-model predicted interval	seismic_amplification	seismic_amplification	True	False			localized_event	LOO	0.7823430299758911	0.7823430299758911	LOO score=0.782; class FP rank=2; type=no same-class overlap; best same-class OC=0.000	no same-class overlap	2
MDA_MD_361:chr6:C10	MDA_MD_361	chr6	p	0	58000000	0	58000000	8686943	43961194	Localization-model predicted interval	seismic_amplification	seismic_amplification	True	True	chromothripsis	chromothripsis	localized_event	LOO	0.6814578175544739	0.6814578175544739	LOO score=0.681; class FP rank=3; type=no same-class overlap; best same-class OC=0.000	no same-class overlap	3
MDA_MD_361:chr16:C19	MDA_MD_361	chr16	q	46000000	90338345	46000000	90338345	51272626	52612948	Localization-model predicted interval	seismic_amplification	seismic_amplification	True	False			localized_event	LOO	0.6284529566764832	0.6284529566764832	LOO score=0.628; class FP rank=4; type=no same-class overlap; best same-class OC=0.000	no same-class overlap	4
