sample_id	wakhan_sample_id	wakhan_root	severus_vcf
AU565	AU565_3.87_0.86_0.95	/data/KolmogorovLab/HPV_Dean_Collab/nano_nf_runs/AU565/sv_cna_v2/wakhan/3.87_0.86_0.95/bed_output/AU565_3.87_0.86_0.95	/data/KolmogorovLab/HPV_Dean_Collab/nano_nf_runs/AU565/sv_cna_v2/severus/somatic_SVs/severus_somatic.vcf
BT474	BT474_3.98_0.29_0.96	/vf/users/KolmogorovLab/HPV_Dean_Collab/nano_nf_runs/BT474/sv_cna_v2/wakhan/3.98_0.29_0.96/bed_output/BT474_3.98_0.29_0.96	/data/KolmogorovLab/HPV_Dean_Collab/nano_nf_runs/BT474/sv_cna_v2/severus/somatic_SVs/severus_somatic.vcf
C33A	C33A_2.01_0.84_0.87	/data/KolmogorovLab/HPV_Dean_Collab/nano_nf_runs/C33A/sv_cna_v2/wakhan/2.01_0.84_0.87/bed_output/C33A_2.01_0.84_0.87	/data/KolmogorovLab/HPV_Dean_Collab/nano_nf_runs/C33A/sv_cna_v2/severus/somatic_SVs/severus_somatic.vcf
C4I	C4I_3.96_0.99_0.93	/data/KolmogorovLab/HPV_Dean_Collab/nano_nf_runs/C4I/sv_cna_v2/wakhan/3.96_0.99_0.93/bed_output/C4I_3.96_0.99_0.93	/data/KolmogorovLab/HPV_Dean_Collab/nano_nf_runs/C4I/sv_cna_v2/severus/somatic_SVs/severus_somatic.vcf
CAPAN1	CAPAN1_2.62_0.68_0.97	/data/KolmogorovLab/HPV_Dean_Collab/nano_nf_runs/CAPAN1/sv_cna_v2/wakhan/2.62_0.68_0.97/bed_output/CAPAN1_2.62_0.68_0.97	/data/KolmogorovLab/HPV_Dean_Collab/nano_nf_runs/CAPAN1/sv_cna_v2/severus/somatic_SVs/severus_somatic.vcf
CAPAN2	CAPAN2_3.28_0.97_0.96	/data/KolmogorovLab/HPV_Dean_Collab/nano_nf_runs/CAPAN2/sv_cna_v2/wakhan/3.28_0.97_0.96/bed_output/CAPAN2_3.28_0.97_0.96	/data/KolmogorovLab/HPV_Dean_Collab/nano_nf_runs/CAPAN2/sv_cna_v2/severus/somatic_SVs/severus_somatic.vcf
CERV186	CERV186_3.07_0.88_0.88	/data/KolmogorovLab/HPV_Dean_Collab/nano_nf_runs/CERV186/sv_cna_v2/wakhan/3.07_0.88_0.88/bed_output/CERV186_3.07_0.88_0.88	/data/KolmogorovLab/HPV_Dean_Collab/nano_nf_runs/CERV186/sv_cna_v2/severus/somatic_SVs/severus_somatic.vcf
CERV196	CERV196_2.74_0.94_0.84	/data/KolmogorovLab/HPV_Dean_Collab/nano_nf_runs/CERV196/sv_cna_v2/wakhan/2.74_0.94_0.84/bed_output/CERV196_2.74_0.94_0.84	/data/KolmogorovLab/HPV_Dean_Collab/nano_nf_runs/CERV196/sv_cna_v2/severus/somatic_SVs/severus_somatic.vcf
CERV215	CERV215_3.39_0.78_0.92	/data/KolmogorovLab/HPV_Dean_Collab/nano_nf_runs/CERV215/sv_cna_v2/wakhan/3.39_0.78_0.92/bed_output/CERV215_3.39_0.78_0.92	/data/KolmogorovLab/HPV_Dean_Collab/nano_nf_runs/CERV215/sv_cna_v2/severus/somatic_SVs/severus_somatic.vcf
CFPAC1	CFPAC1_3.37_0.77_0.93	/data/KolmogorovLab/HPV_Dean_Collab/nano_nf_runs/CFPAC1/sv_cna_v2/wakhan/3.37_0.77_0.93/bed_output/CFPAC1_3.37_0.77_0.93	/data/KolmogorovLab/HPV_Dean_Collab/nano_nf_runs/CFPAC1/sv_cna_v2/severus/somatic_SVs/severus_somatic.vcf
CaSki	CaSki_3.34_0.92_0.92	/data/KolmogorovLab/HPV_Dean_Collab/nano_nf_runs/CaSki/sv_cna_v2/wakhan/3.34_0.92_0.92/bed_output/CaSki_3.34_0.92_0.92	/data/KolmogorovLab/HPV_Dean_Collab/nano_nf_runs/CaSki/sv_cna_v2/severus/somatic_SVs/severus_somatic.vcf
DOTC2	DOTC2_3.25_0.98_0.94	/data/KolmogorovLab/HPV_Dean_Collab/nano_nf_runs/DOTC2/sv_cna_v2/wakhan/3.25_0.98_0.94/bed_output/DOTC2_3.25_0.98_0.94	/data/KolmogorovLab/HPV_Dean_Collab/nano_nf_runs/DOTC2/sv_cna_v2/severus/somatic_SVs/severus_somatic.vcf
HOKUG	HOKUG_2.02_0.97_0.9	/data/KolmogorovLab/HPV_Dean_Collab/nano_nf_runs/HOKUG/sv_cna_v2/wakhan/2.02_0.97_0.9/bed_output/HOKUG_2.02_0.97_0.9	/data/KolmogorovLab/HPV_Dean_Collab/nano_nf_runs/HOKUG/sv_cna_v2/severus/somatic_SVs/severus_somatic.vcf
HOS	HOS_2.05_0.99_0.87	/data/KolmogorovLab/HPV_Dean_Collab/nano_nf_runs/HOS/sv_cna_v2/wakhan/2.05_0.99_0.87/bed_output/HOS_2.05_0.99_0.87	/data/KolmogorovLab/HPV_Dean_Collab/nano_nf_runs/HOS/sv_cna_v2/severus/somatic_SVs/severus_somatic.vcf
HeLa	HeLa_3.14_0.79_0.96	/data/KolmogorovLab/HPV_Dean_Collab/nano_nf_runs/HeLa/sv_cna_v2/wakhan/3.14_0.79_0.96/bed_output/HeLa_3.14_0.79_0.96	/data/KolmogorovLab/HPV_Dean_Collab/nano_nf_runs/HeLa/sv_cna_v2/severus/somatic_SVs/severus_somatic.vcf
JHUS_nk1	JHUS_nk1_2.86_0.96_0.94	/data/KolmogorovLab/HPV_Dean_Collab/nano_nf_runs/JHUS_nk1/sv_cna_v2/wakhan/2.86_0.96_0.94/bed_output/JHUS_nk1_2.86_0.96_0.94	/data/KolmogorovLab/HPV_Dean_Collab/nano_nf_runs/JHUS_nk1/sv_cna_v2/severus/somatic_SVs/severus_somatic.vcf
MDA_MD_361	MDA_MD_361_2.71_0.93_0.85	/vf/users/KolmogorovLab/HPV_Dean_Collab/nano_nf_runs/MDA_MD_361/sv_cna_v2/wakhan/2.71_0.93_0.85/bed_output/MDA_MD_361_2.71_0.93_0.85	/data/KolmogorovLab/HPV_Dean_Collab/nano_nf_runs/MDA_MD_361/sv_cna_v2/severus/somatic_SVs/severus_somatic.vcf
MDA_MD_453	MDA_MD_453_2.14_0.96_0.97	/data/KolmogorovLab/HPV_Dean_Collab/nano_nf_runs/MDA_MD_453/sv_cna_v2/wakhan/2.14_0.96_0.97/bed_output/MDA_MD_453_2.14_0.96_0.97	/data/KolmogorovLab/HPV_Dean_Collab/nano_nf_runs/MDA_MD_453/sv_cna_v2/severus/somatic_SVs/severus_somatic.vcf
ME180	ME180_2.72_0.86_0.92	/data/KolmogorovLab/HPV_Dean_Collab/nano_nf_runs/ME180/sv_cna_v2/wakhan/2.72_0.86_0.92/bed_output/ME180_2.72_0.86_0.92	/data/KolmogorovLab/HPV_Dean_Collab/nano_nf_runs/ME180/sv_cna_v2/severus/somatic_SVs/severus_somatic.vcf
MS751	MS751_4.97_0.98_0.85	/data/KolmogorovLab/HPV_Dean_Collab/nano_nf_runs/MS751/sv_cna_v2/wakhan/4.97_0.98_0.85/bed_output/MS751_4.97_0.98_0.85	/data/KolmogorovLab/HPV_Dean_Collab/nano_nf_runs/MS751/sv_cna_v2/severus/somatic_SVs/severus_somatic.vcf
OMC1	OMC1_2.05_0.97_0.96	/data/KolmogorovLab/HPV_Dean_Collab/nano_nf_runs/OMC1/sv_cna_v2/wakhan/2.05_0.97_0.96/bed_output/OMC1_2.05_0.97_0.96	/data/KolmogorovLab/HPV_Dean_Collab/nano_nf_runs/OMC1/sv_cna_v2/severus/somatic_SVs/severus_somatic.vcf
QGU	QGU_3.55_0.92_0.85	/data/KolmogorovLab/HPV_Dean_Collab/nano_nf_runs/QGU/sv_cna_v2/wakhan/3.55_0.92_0.85/bed_output/QGU_3.55_0.92_0.85	/data/KolmogorovLab/HPV_Dean_Collab/nano_nf_runs/QGU/sv_cna_v2/severus/somatic_SVs/severus_somatic.vcf
SCC090	SCC090_3.23_0.96_0.93	/data/KolmogorovLab/HPV_Dean_Collab/nano_nf_runs/SCC090/sv_cna_v2/wakhan/3.23_0.96_0.93/bed_output/SCC090_3.23_0.96_0.93	/data/KolmogorovLab/HPV_Dean_Collab/nano_nf_runs/SCC090/sv_cna_v2/severus/somatic_SVs/severus_somatic.vcf
SCC154	SCC154_1.92_0.97_0.92	/data/KolmogorovLab/HPV_Dean_Collab/nano_nf_runs/SCC154/sv_cna_v2/wakhan/1.92_0.97_0.92/bed_output/SCC154_1.92_0.97_0.92	/data/KolmogorovLab/HPV_Dean_Collab/nano_nf_runs/SCC154/sv_cna_v2/severus/somatic_SVs/severus_somatic.vcf
SKBR3	SKBR3_4.13_0.97_0.92	/vf/users/KolmogorovLab/HPV_Dean_Collab/nano_nf_runs/SKBR3/sv_cna_v2/wakhan/4.13_0.97_0.92/bed_output/SKBR3_4.13_0.97_0.92	/data/KolmogorovLab/HPV_Dean_Collab/nano_nf_runs/SKBR3/sv_cna_v2/severus/somatic_SVs/severus_somatic.vcf
SNU1000	SNU1000_3.39_0.95_0.89	/data/KolmogorovLab/HPV_Dean_Collab/nano_nf_runs/SNU1000/sv_cna_v2/wakhan/3.39_0.95_0.89/bed_output/SNU1000_3.39_0.95_0.89	/data/KolmogorovLab/HPV_Dean_Collab/nano_nf_runs/SNU1000/sv_cna_v2/severus/somatic_SVs/severus_somatic.vcf
SNU1005	SNU1005_5.04_0.65_0.94	/data/KolmogorovLab/HPV_Dean_Collab/nano_nf_runs/SNU1005/sv_cna_v2/wakhan/5.04_0.65_0.94/bed_output/SNU1005_5.04_0.65_0.94	/data/KolmogorovLab/HPV_Dean_Collab/nano_nf_runs/SNU1005/sv_cna_v2/severus/somatic_SVs/severus_somatic.vcf
SNU1299	SNU1299_5.49_0.77_0.83	/data/KolmogorovLab/HPV_Dean_Collab/nano_nf_runs/SNU1299/sv_cna_v2/wakhan/5.49_0.77_0.83/bed_output/SNU1299_5.49_0.77_0.83	/data/KolmogorovLab/HPV_Dean_Collab/nano_nf_runs/SNU1299/sv_cna_v2/severus/somatic_SVs/severus_somatic.vcf
SNU682	SNU682_3.57_0.98_0.87	/data/KolmogorovLab/HPV_Dean_Collab/nano_nf_runs/SNU682/sv_cna_v2/wakhan/3.57_0.98_0.87/bed_output/SNU682_3.57_0.98_0.87	/data/KolmogorovLab/HPV_Dean_Collab/nano_nf_runs/SNU682/sv_cna_v2/severus/somatic_SVs/severus_somatic.vcf
SNU703	SNU703_4.18_0.81_0.95	/data/KolmogorovLab/HPV_Dean_Collab/nano_nf_runs/SNU703/sv_cna_v2/wakhan/4.18_0.81_0.95/bed_output/SNU703_4.18_0.81_0.95	/data/KolmogorovLab/HPV_Dean_Collab/nano_nf_runs/SNU703/sv_cna_v2/severus/somatic_SVs/severus_somatic.vcf
SNU778	SNU778_4.26_0.64_0.97	/data/KolmogorovLab/HPV_Dean_Collab/nano_nf_runs/SNU778/sv_cna_v2/wakhan/4.26_0.64_0.97/bed_output/SNU778_4.26_0.64_0.97	/data/KolmogorovLab/HPV_Dean_Collab/nano_nf_runs/SNU778/sv_cna_v2/severus/somatic_SVs/severus_somatic.vcf
SNU902	SNU902_3.38_0.89_0.95	/data/KolmogorovLab/HPV_Dean_Collab/nano_nf_runs/SNU902/sv_cna_v2/wakhan/3.38_0.89_0.95/bed_output/SNU902_3.38_0.89_0.95	/data/KolmogorovLab/HPV_Dean_Collab/nano_nf_runs/SNU902/sv_cna_v2/severus/somatic_SVs/severus_somatic.vcf
SUIT	SUIT_3.7_0.89_0.96	/data/KolmogorovLab/HPV_Dean_Collab/nano_nf_runs/SUIT/sv_cna_v2/wakhan/3.7_0.89_0.96/bed_output/SUIT_3.7_0.89_0.96	/data/KolmogorovLab/HPV_Dean_Collab/nano_nf_runs/SUIT/sv_cna_v2/severus/somatic_SVs/severus_somatic.vcf
ScaBER	ScaBER_2.96_0.85_0.92	/data/KolmogorovLab/HPV_Dean_Collab/nano_nf_runs/ScaBER/sv_cna_v2/wakhan/2.96_0.85_0.92/bed_output/ScaBER_2.96_0.85_0.92	/data/KolmogorovLab/HPV_Dean_Collab/nano_nf_runs/ScaBER/sv_cna_v2/severus/somatic_SVs/severus_somatic.vcf
ZR7530	ZR7530_1.88_0.45_0.99	/vf/users/KolmogorovLab/HPV_Dean_Collab/nano_nf_runs/ZR7530/sv_cna_v2/wakhan/1.88_0.45_0.99/bed_output/ZR7530_1.88_0.45_0.99	/data/KolmogorovLab/HPV_Dean_Collab/nano_nf_runs/ZR7530/sv_cna_v2/severus/somatic_SVs/severus_somatic.vcf
SCC152	SCC152_1.11_0.36_0.98	/vf/users/KolmogorovLab/HPV_Dean_Collab/nano_nf_runs/SCC152/sv_cna_v2/wakhan/1.11_0.36_0.98/bed_output/SCC152_1.11_0.36_0.98	/data/KolmogorovLab/HPV_Dean_Collab/nano_nf_runs/SCC152/sv_cna_v2/severus/somatic_SVs/severus_somatic.vcf
SIHA	SIHA_4.42_0.95_0.87	/vf/users/KolmogorovLab/HPV_Dean_Collab/nano_nf_runs/SIHA/sv_cna_v2/wakhan/4.42_0.95_0.87/bed_output/SIHA_4.42_0.95_0.87	/data/KolmogorovLab/HPV_Dean_Collab/nano_nf_runs/SIHA/sv_cna_v2/severus/somatic_SVs/severus_somatic.vcf
HT3	HT3_2.95_0.9_0.9	/vf/users/KolmogorovLab/HPV_Dean_Collab/nano_nf_runs/HT3/sv_cna_v2/wakhan/2.95_0.9_0.9/bed_output/HT3_2.95_0.9_0.9	/data/KolmogorovLab/HPV_Dean_Collab/nano_nf_runs/HT3/sv_cna_v2/severus/somatic_SVs/severus_somatic.vcf
SW756	SW756_3.58_0.99_0.86	/vf/users/KolmogorovLab/HPV_Dean_Collab/nano_nf_runs/SW756/sv_cna_v2/wakhan/3.58_0.99_0.86/bed_output/SW756_3.58_0.99_0.86	/data/KolmogorovLab/HPV_Dean_Collab/nano_nf_runs/SW756/sv_cna_v2/severus/somatic_SVs/severus_somatic.vcf
SNU17	SNU17_5.01_0.75_0.93	/vf/users/KolmogorovLab/HPV_Dean_Collab/nano_nf_runs/SNU17/sv_cna_v2/wakhan/5.01_0.75_0.93/bed_output/SNU17_5.01_0.75_0.93	/data/KolmogorovLab/HPV_Dean_Collab/nano_nf_runs/SNU17/sv_cna_v2/severus/somatic_SVs/severus_somatic.vcf
SNU1245	SNU1245_3.95_0.99_0.9	/vf/users/KolmogorovLab/HPV_Dean_Collab/nano_nf_runs/SNU1245/sv_cna_v2/wakhan/3.95_0.99_0.9/bed_output/SNU1245_3.95_0.99_0.9	/data/KolmogorovLab/HPV_Dean_Collab/nano_nf_runs/SNU1245/sv_cna_v2/severus/somatic_SVs/severus_somatic.vcf
SNU487	SNU487_2.14_0.99_0.95	/vf/users/KolmogorovLab/HPV_Dean_Collab/nano_nf_runs/SNU487/sv_cna_v2/wakhan/2.14_0.99_0.95/bed_output/SNU487_2.14_0.99_0.95	/data/KolmogorovLab/HPV_Dean_Collab/nano_nf_runs/SNU487/sv_cna_v2/severus/somatic_SVs/severus_somatic.vcf
JHUCS3	JHUCS_3_3.99_0.88_0.96	/vf/users/KolmogorovLab/HPV_Dean_Collab/nano_nf_runs/JHUCS_3/sv_cna_v2/wakhan/3.99_0.88_0.96/bed_output/JHUCS_3_3.99_0.88_0.96	/data/KolmogorovLab/HPV_Dean_Collab/nano_nf_runs/JHUCS_3/sv_cna_v2/severus/somatic_SVs/severus_somatic.vcf
H1395	H1395_3.06_0.94_0.79	/data/KolmogorovLab/wakhan_paper/castle_full/wakhan_05/wakhan_H1395/wakhan/solution_1/bed_output/H1395_3.06_0.94_0.79	/data/KolmogorovLab/wakhan_paper/castle_full/wakhan_05/wakhan_H1395/severus/somatic_SVs/severus_somatic.vcf
H1437	H1437_2.88_0.97_0.86	/data/KolmogorovLab/wakhan_paper/castle_full/wakhan_05/wakhan_H1437/wakhan/solution_1/bed_output/H1437_2.88_0.97_0.86	/data/KolmogorovLab/wakhan_paper/castle_full/wakhan_05/wakhan_H1437/severus/somatic_SVs/severus_somatic.vcf
H2009	H2009_2.39_0.97_0.8	/data/KolmogorovLab/wakhan_paper/castle_full/wakhan_05/wakhan_H2009/wakhan/solution_1/bed_output/H2009_2.39_0.97_0.8	/data/KolmogorovLab/wakhan_paper/castle_full/wakhan_05/wakhan_H2009/severus/somatic_SVs/severus_somatic.vcf
HCC1937	HCC1937_4.52_0.96_0.82	/data/KolmogorovLab/wakhan_paper/castle_full/wakhan_05/wakhan_HCC1937/wakhan/solution_1/bed_output/HCC1937_4.52_0.96_0.82	/data/KolmogorovLab/wakhan_paper/castle_full/wakhan_05/wakhan_HCC1937/severus/somatic_SVs/severus_somatic.vcf
HCC1954	HCC1954_4.68_0.89_0.91	/data/KolmogorovLab/wakhan_paper/castle_full/wakhan_05/wakhan_HCC1954/wakhan/solution_1/bed_output/HCC1954_4.68_0.89_0.91	/data/KolmogorovLab/wakhan_paper/castle_full/wakhan_05/wakhan_HCC1954/severus/somatic_SVs/severus_somatic.vcf