chromosome_label_id	sample_id	chrom	label	n_interval_labels	interval_label_ids	start_bp	end_bp
P27C000001	AU565	chr10	chromothripsis	1	P24R000056	0	133797422
P27C000002	AU565	chr20	chromothripsis	1	P24R000057	0	64444167
P27C000003	AU565	chr20	seismic_amplification	1	P24R000093	0	64444167
P27C000004	AU565	chr7	BFB	1	P24R000001	0	159345973
P27C000005	AU565	chr8	BFB	3	P24R000002;P24R000003;P24R000004	0	145138636
P27C000006	AU565	chr8	seismic_amplification	1	P24R000092	0	145138636
P27C000007	BT474	chr11	seismic_amplification	1	P24R000094	0	135086622
P27C000008	BT474	chr15	BFB	1	P24R000006	0	101991189
P27C000009	BT474	chr17	BFB	2	P24R000007;P24R000008	0	83257441
P27C000010	BT474	chr20	BFB	1	P24R000009	0	64444167
P27C000011	BT474	chr9	BFB	1	P24R000005	0	138394717
P27C000012	C4I	chr18	chromothripsis	1	P24R000058	0	80373285
P27C000013	CERV186	chr17	chromothripsis	1	P24R000059	0	83257441
P27C000014	CERV196	chr13	ecDNA	1	P24R000044	0	114364328
P27C000015	CERV196	chr6	BFB	1	P24R000012	0	170805979
P27C000016	CERV196	chr6	ecDNA	1	P24R000043	0	170805979
P27C000017	CERV215	chr11	BFB	1	P24R000013	0	135086622
P27C000018	CERV215	chr11	ecDNA	1	P24R000045	0	135086622
P27C000019	CFPAC1	chr11	chromothripsis	1	P24R000060	0	135086622
P27C000020	CFPAC1	chr17	BFB	1	P24R000014	0	83257441
P27C000021	CaSki	chr11	BFB	1	P24R000011	0	135086622
P27C000022	CaSki	chr3	chromothripsis	2	P24R000061;P24R000062	0	198295559
P27C000023	CaSki	chr6	BFB	1	P24R000010	0	170805979
P27C000024	DOTC2	chr1	BFB	1	P24R000015	0	248956422
P27C000025	H1395	chr3	chromothripsis	1	P24R000086	0	198295559
P27C000026	H2009	chr1	chromothripsis	2	P24R000087;P24R000088	0	248956422
P27C000027	H2009	chr3	chromothripsis	1	P24R000089	0	198295559
P27C000028	HCC1937	chr14	chromothripsis	1	P24R000090	0	107043718
P27C000029	HCC1954	chr19	seismic_amplification	1	P24R000107	0	58617616
P27C000030	HCC1954	chr21	seismic_amplification	1	P24R000108	0	46709983
P27C000031	HCC1954	chr8	seismic_amplification	1	P24R000105	0	145138636
P27C000032	HCC1954	chr9	chromothripsis	1	P24R000091	0	138394717
P27C000033	HCC1954	chr9	seismic_amplification	1	P24R000106	0	138394717
P27C000034	HOS	chr17	BFB	1	P24R000016	0	83257441
P27C000035	HT3	chr17	BFB	1	P24R000017	0	83257441
P27C000036	HT3	chr2	chromothripsis	1	P24R000080	0	242193529
P27C000037	HT3	chr4	BFB	1	P24R000018	0	190214555
P27C000038	HT3	chr4	chromothripsis	1	P24R000081	0	190214555
P27C000039	MDA_MD_361	chr1	chromothripsis	1	P24R000063	0	248956422
P27C000040	MDA_MD_361	chr12	chromothripsis	1	P24R000066	0	133275309
P27C000041	MDA_MD_361	chr17	BFB	1	P24R000019	0	83257441
P27C000042	MDA_MD_361	chr17	seismic_amplification	1	P24R000096	0	83257441
P27C000043	MDA_MD_361	chr2	chromothripsis	1	P24R000064	0	242193529
P27C000044	MDA_MD_361	chr20	seismic_amplification	1	P24R000097	0	64444167
P27C000045	MDA_MD_361	chr6	chromothripsis	1	P24R000065	0	170805979
P27C000046	MDA_MD_361	chr9	seismic_amplification	1	P24R000095	0	138394717
P27C000047	MDA_MD_453	chr11	chromothripsis	1	P24R000069	0	135086622
P27C000048	MDA_MD_453	chr17	seismic_amplification	1	P24R000098	0	83257441
P27C000049	MDA_MD_453	chr3	chromothripsis	1	P24R000067	0	198295559
P27C000050	MDA_MD_453	chr5	chromothripsis	1	P24R000068	0	181538259
P27C000051	MS751	chr11	chromothripsis	1	P24R000070	0	135086622
P27C000052	OMC1	chr19	chromothripsis	1	P24R000071	0	58617616
P27C000053	QGU	chr11	BFB	1	P24R000020	0	135086622
P27C000054	QGU	chr11	ecDNA	1	P24R000046	0	135086622
P27C000055	QGU	chr12	chromothripsis	1	P24R000072	0	133275309
P27C000056	QGU	chr18	BFB	1	P24R000021	0	80373285
P27C000057	QGU	chr18	ecDNA	1	P24R000047	0	80373285
P27C000058	SCC090	chr9	BFB	1	P24R000024	0	138394717
P27C000059	SCC090	chr9	ecDNA	1	P24R000048	0	138394717
P27C000060	SCC152	chr9	ecDNA	1	P24R000049	0	138394717
P27C000061	SCC154	chr11	BFB	1	P24R000025	0	135086622
P27C000062	SIHA	chr15	chromothripsis	1	P24R000079	0	101991189
P27C000063	SIHA	chr16	seismic_amplification	1	P24R000104	0	90338345
P27C000064	SIHA	chr20	BFB	1	P24R000026	0	64444167
P27C000065	SIHA	chr5	chromothripsis	1	P24R000078	0	181538259
P27C000066	SKBR3	chr20	chromothripsis	1	P24R000073	0	64444167
P27C000067	SKBR3	chr20	seismic_amplification	1	P24R000100	0	64444167
P27C000068	SKBR3	chr3	BFB	1	P24R000027	0	198295559
P27C000069	SKBR3	chr7	BFB	1	P24R000028	0	159345973
P27C000070	SKBR3	chr8	BFB	2	P24R000029;P24R000030	0	145138636
P27C000071	SKBR3	chr8	seismic_amplification	1	P24R000099	0	145138636
P27C000072	SNU1000	chr11	BFB	1	P24R000037	0	135086622
P27C000073	SNU1000	chr19	chromothripsis	1	P24R000074	0	58617616
P27C000074	SNU1000	chr2	BFB	1	P24R000038	0	242193529
P27C000075	SNU1005	chr14	chromothripsis	1	P24R000075	0	107043718
P27C000076	SNU1005	chr5	BFB	1	P24R000039	0	181538259
P27C000077	SNU1005	chr5	ecDNA	1	P24R000050	0	181538259
P27C000078	SNU1245	chr5	chromothripsis	2	P24R000084;P24R000085	0	181538259
P27C000079	SNU1299	chr11	BFB	1	P24R000041	0	135086622
P27C000080	SNU1299	chr20	BFB	1	P24R000040	0	64444167
P27C000081	SNU17	chr4	chromothripsis	2	P24R000082;P24R000083	0	190214555
P27C000082	SNU682	chr11	BFB	1	P24R000031	0	135086622
P27C000083	SNU703	chr11	BFB	1	P24R000032	0	135086622
P27C000084	SNU703	chr11	ecDNA	1	P24R000051	0	135086622
P27C000085	SNU703	chr12	BFB	1	P24R000034	0	133275309
P27C000086	SNU703	chr18	BFB	1	P24R000033	0	80373285
P27C000087	SNU703	chr18	ecDNA	1	P24R000052	0	80373285
P27C000088	SNU703	chrX	ecDNA	1	P24R000053	0	156040895
P27C000089	SNU778	chr11	BFB	1	P24R000035	0	135086622
P27C000090	SNU902	chr10	chromothripsis	1	P24R000076	0	133797422
P27C000091	SNU902	chr19	BFB	1	P24R000036	0	58617616
P27C000092	SNU902	chr19	ecDNA	1	P24R000054	0	58617616
P27C000093	SNU902	chr19	seismic_amplification	1	P24R000101	0	58617616
P27C000094	SUIT	chr8	BFB	1	P24R000042	0	145138636
P27C000095	ScaBER	chr1	BFB	2	P24R000022;P24R000023	0	248956422
P27C000096	ScaBER	chr1	ecDNA	1	P24R000055	0	248956422
P27C000097	ScaBER	chr9	chromothripsis	1	P24R000077	0	138394717
P27C000098	ZR7530	chr17	seismic_amplification	1	P24R000103	0	83257441
P27C000099	ZR7530	chr8	seismic_amplification	1	P24R000102	0	145138636
